[
 {
  "sid":"BupSimulinkLibraries:89:45",
  "className":"Stateflow.State",
  "icon":"WebViewIcon8",
  "name":"FixAfterCorrection",
  "label":"FixAfterCorrection",
  "parent":"BupSimulinkLibraries:89",
  "inspector":{
   "params":[
    "HasOutputData",
    "InlineOption",
    "LabelString",
    "DataLogging",
    "TestPoint",
    "Description",
    "Document"
   ],
   "values":[
    false,
    "Auto",
    "FixAfterCorrection\nexit:\n    ReferenceCourse = Course;",
    false,
    false,
    "",
    ""
   ],
   "tabs":[
    "General",
    "Logging",
    "Documentation"
   ],
   "tabs_idx":[
    0,
    3,
    5
   ]
  },
  "viewer":{
   "jshandler":"webview/handlers/ElementHandler"
  },
  "obj_viewer":[
  ],
  "finder":[
  ]
 },
 {
  "sid":"BupSimulinkLibraries:89:40",
  "className":"Stateflow.State",
  "icon":"WebViewIcon8",
  "name":"FixBeforeCorrection1",
  "label":"FixBeforeCorrection1",
  "parent":"BupSimulinkLibraries:89",
  "inspector":{
   "params":[
    "HasOutputData",
    "InlineOption",
    "LabelString",
    "DataLogging",
    "TestPoint",
    "Description",
    "Document"
   ],
   "values":[
    false,
    "Auto",
    "FixBeforeCorrection1\nexit:\n   RealCourse = Course;\n   RealSpeed  = Speed;\n",
    false,
    false,
    "",
    ""
   ],
   "tabs":[
    "General",
    "Logging",
    "Documentation"
   ],
   "tabs_idx":[
    0,
    3,
    5
   ]
  },
  "viewer":{
   "jshandler":"webview/handlers/ElementHandler"
  },
  "obj_viewer":[
  ],
  "finder":[
  ]
 },
 {
  "sid":"BupSimulinkLibraries:89:23",
  "className":"Stateflow.State",
  "icon":"WebViewIcon8",
  "name":"DriftSolver",
  "label":"DriftSolver",
  "parent":"BupSimulinkLibraries:89",
  "inspector":{
   "params":[
    "HasOutputData",
    "InlineOption",
    "LabelString",
    "DataLogging",
    "TestPoint",
    "Description",
    "Document"
   ],
   "values":[
    false,
    "Auto",
    "DriftSolver\n[DriftSpeed, DriftAngle] = SpeedTriangle(ReferenceSpeed, RealSpeed, ReferenceCourse, RealCourse);\n%SpeedTrianglePlot(ReferenceSpeed, RealSpeed, ReferenceCourse, RealCourse);",
    false,
    false,
    "",
    ""
   ],
   "tabs":[
    "General",
    "Logging",
    "Documentation"
   ],
   "tabs_idx":[
    0,
    3,
    5
   ]
  },
  "viewer":{
   "jshandler":"webview/handlers/ElementHandler"
  },
  "obj_viewer":[
  ],
  "finder":[
  ]
 },
 {
  "sid":"BupSimulinkLibraries:89:33",
  "className":"Stateflow.State",
  "icon":"WebViewIcon8",
  "name":"Initialization",
  "label":"Initialization",
  "parent":"BupSimulinkLibraries:89",
  "inspector":{
   "params":[
    "HasOutputData",
    "InlineOption",
    "LabelString",
    "DataLogging",
    "TestPoint",
    "Description",
    "Document"
   ],
   "values":[
    false,
    "Auto",
    "Initialization\nentry:\n   ReferenceCourse = 0;\n   RealCourse = 0;\n   RealSpeed = 0;\n   DriftSpeed = 0;\n   DriftAngle = 0;\n   timeHasPassed = 0;\n",
    false,
    false,
    "",
    ""
   ],
   "tabs":[
    "General",
    "Logging",
    "Documentation"
   ],
   "tabs_idx":[
    0,
    3,
    5
   ]
  },
  "viewer":{
   "jshandler":"webview/handlers/ElementHandler"
  },
  "obj_viewer":[
  ],
  "finder":[
  ]
 },
 {
  "sid":"BupSimulinkLibraries:89:36",
  "className":"Stateflow.State",
  "icon":"WebViewIcon8",
  "name":"Pause",
  "label":"Pause",
  "parent":"BupSimulinkLibraries:89",
  "inspector":{
   "params":[
    "HasOutputData",
    "InlineOption",
    "LabelString",
    "DataLogging",
    "TestPoint",
    "Description",
    "Document"
   ],
   "values":[
    false,
    "Auto",
    "Pause",
    false,
    false,
    "",
    ""
   ],
   "tabs":[
    "General",
    "Logging",
    "Documentation"
   ],
   "tabs_idx":[
    0,
    3,
    5
   ]
  },
  "viewer":{
   "jshandler":"webview/handlers/ElementHandler"
  },
  "obj_viewer":[
  ],
  "finder":[
  ]
 },
 {
  "sid":"BupSimulinkLibraries:89:43",
  "className":"Stateflow.State",
  "icon":"WebViewIcon8",
  "name":"DriftSolver1",
  "label":"DriftSolver1",
  "parent":"BupSimulinkLibraries:89",
  "inspector":{
   "params":[
    "HasOutputData",
    "InlineOption",
    "LabelString",
    "DataLogging",
    "TestPoint",
    "Description",
    "Document"
   ],
   "values":[
    false,
    "Auto",
    "DriftSolver1\n[DriftSpeed, DriftAngle] = SpeedTriangle(ReferenceSpeed, RealSpeed, ReferenceCourse, RealCourse);\n%SpeedTrianglePlot(ReferenceSpeed, RealSpeed, ReferenceCourse, RealCourse);",
    false,
    false,
    "",
    ""
   ],
   "tabs":[
    "General",
    "Logging",
    "Documentation"
   ],
   "tabs_idx":[
    0,
    3,
    5
   ]
  },
  "viewer":{
   "jshandler":"webview/handlers/ElementHandler"
  },
  "obj_viewer":[
  ],
  "finder":[
  ]
 },
 {
  "sid":"BupSimulinkLibraries:89:24",
  "className":"Stateflow.State",
  "icon":"WebViewIcon8",
  "name":"FixBeforeCorrection",
  "label":"FixBeforeCorrection",
  "parent":"BupSimulinkLibraries:89",
  "inspector":{
   "params":[
    "HasOutputData",
    "InlineOption",
    "LabelString",
    "DataLogging",
    "TestPoint",
    "Description",
    "Document"
   ],
   "values":[
    false,
    "Auto",
    "FixBeforeCorrection\ntimeHasPassed = timeHasPassed + 1;\nexit:\n   RealCourse = Course;\n   RealSpeed  = Speed;\n",
    false,
    false,
    "",
    ""
   ],
   "tabs":[
    "General",
    "Logging",
    "Documentation"
   ],
   "tabs_idx":[
    0,
    3,
    5
   ]
  },
  "viewer":{
   "jshandler":"webview/handlers/ElementHandler"
  },
  "obj_viewer":[
  ],
  "finder":[
  ]
 },
 {
  "sid":"BupSimulinkLibraries:89:50",
  "className":"Stateflow.Annotation",
  "icon":"WebViewIcon9",
  "name":"",
  "label":"Первоначальный вариант, вычисляет по любым подряд  следующим фронтам",
  "parent":"BupSimulinkLibraries:89",
  "inspector":{
   "params":[
    "FixedHeight",
    "FixedWidth",
    "DropShadow",
    "UseDisplayTextAsClickCallback",
    "ClickFcn",
    "Description",
    "Document"
   ],
   "values":[
    false,
    false,
    false,
    false,
    "",
    "",
    ""
   ],
   "tabs":[
    "General",
    "ClickFcn",
    "Documentation"
   ],
   "tabs_idx":[
    0,
    3,
    5
   ]
  },
  "viewer":{
   "jshandler":"webview/handlers/ElementHandler"
  },
  "obj_viewer":[
  ],
  "finder":[
  ]
 },
 {
  "sid":"BupSimulinkLibraries:89:49",
  "className":"Stateflow.Annotation",
  "icon":"WebViewIcon9",
  "name":"",
  "label":"Модифицированная версия для более менее  корректных вычислений в условиях маневрирования. Эталонный вектор фиксируется по последнему фронту выключения БИМов идущим перед фронтом включения. По фронту включения фиксируется текущий вектор, и  если между последним фронтов выключения и следующим  затем фронтом включения времени прошло меньше 20 сек (допустим), то отбрасываем данные для расчета сноса и возвращаемся опять к ожиданию падающего фронта,  таким образом полученный ранее результат вектора сноса сохраняется. Примечание:Вектор сноса вычисленный в интервале до 20 секунд считаем недостоверным.Фиксация вектора именно по последнему падающему фронту необходима, чтобы начать измерять именно с момента выхода на ЛЗП, а не по завершению маневра  уклонения.",
  "parent":"BupSimulinkLibraries:89",
  "inspector":{
   "params":[
    "FixedHeight",
    "FixedWidth",
    "DropShadow",
    "Description",
    "Document"
   ],
   "values":[
    false,
    false,
    false,
    "",
    ""
   ],
   "tabs":[
    "General",
    "Documentation"
   ],
   "tabs_idx":[
    0,
    3
   ]
  },
  "viewer":{
   "jshandler":"webview/handlers/ElementHandler"
  },
  "obj_viewer":[
  ],
  "finder":[
  ]
 },
 {
  "sid":"BupSimulinkLibraries:89:39",
  "className":"Stateflow.Transition",
  "icon":"WebViewIcon10",
  "name":"",
  "label":"[BimWasEnabled == 1]",
  "parent":"BupSimulinkLibraries:89",
  "inspector":{
   "params":[
    "LabelString",
    "Description",
    "Document"
   ],
   "values":[
    "[BimWasEnabled == 1]",
    "",
    ""
   ],
   "tabs":[
    "Parameter Attributes"
   ],
   "tabs_idx":0
  },
  "viewer":{
   "jshandler":"webview/handlers/ElementHandler"
  },
  "obj_viewer":[
  ],
  "finder":[
  ]
 },
 {
  "sid":"BupSimulinkLibraries:89:42",
  "className":"Stateflow.Transition",
  "icon":"WebViewIcon10",
  "name":"",
  "label":"",
  "parent":"BupSimulinkLibraries:89",
  "inspector":{
   "params":[
    "LabelString",
    "Description",
    "Document"
   ],
   "values":[
    "",
    "",
    ""
   ],
   "tabs":[
    "Parameter Attributes"
   ],
   "tabs_idx":0
  },
  "viewer":{
   "jshandler":"webview/handlers/ElementHandler"
  },
  "obj_viewer":[
  ],
  "finder":[
  ]
 },
 {
  "sid":"BupSimulinkLibraries:89:37",
  "className":"Stateflow.Transition",
  "icon":"WebViewIcon10",
  "name":"",
  "label":"[BimWasEnabled == 1]",
  "parent":"BupSimulinkLibraries:89",
  "inspector":{
   "params":[
    "ExecutionOrder",
    "LabelString",
    "Description",
    "Document"
   ],
   "values":[
    1,
    "[BimWasEnabled == 1]",
    "",
    ""
   ],
   "tabs":[
    "Parameter Attributes"
   ],
   "tabs_idx":0
  },
  "viewer":{
   "jshandler":"webview/handlers/ElementHandler"
  },
  "obj_viewer":[
  ],
  "finder":[
  ]
 },
 {
  "sid":"BupSimulinkLibraries:89:22",
  "className":"Stateflow.Transition",
  "icon":"WebViewIcon10",
  "name":"",
  "label":"",
  "parent":"BupSimulinkLibraries:89",
  "inspector":{
   "params":[
    "ExecutionOrder",
    "LabelString",
    "Description",
    "Document"
   ],
   "values":[
    1,
    "",
    "",
    ""
   ],
   "tabs":[
    "Parameter Attributes"
   ],
   "tabs_idx":0
  },
  "viewer":{
   "jshandler":"webview/handlers/ElementHandler"
  },
  "obj_viewer":[
  ],
  "finder":[
  ]
 },
 {
  "sid":"BupSimulinkLibraries:89:32",
  "className":"Stateflow.Transition",
  "icon":"WebViewIcon10",
  "name":"",
  "label":"",
  "parent":"BupSimulinkLibraries:89",
  "inspector":{
   "params":[
    "ExecutionOrder",
    "LabelString",
    "Description",
    "Document"
   ],
   "values":[
    1,
    "",
    "",
    ""
   ],
   "tabs":[
    "Parameter Attributes"
   ],
   "tabs_idx":0
  },
  "viewer":{
   "jshandler":"webview/handlers/ElementHandler"
  },
  "obj_viewer":[
  ],
  "finder":[
  ]
 },
 {
  "sid":"BupSimulinkLibraries:89:31",
  "className":"Stateflow.Transition",
  "icon":"WebViewIcon10",
  "name":"",
  "label":"[BimWasDisabled == 1] {ReferenceCourse = Course; timeHasPassed = 0;}",
  "parent":"BupSimulinkLibraries:89",
  "inspector":{
   "params":[
    "ExecutionOrder",
    "LabelString",
    "Description",
    "Document"
   ],
   "values":[
    3,
    "[BimWasDisabled == 1]\n{ReferenceCourse = Course;\ntimeHasPassed = 0;}",
    "",
    ""
   ],
   "tabs":[
    "Parameter Attributes"
   ],
   "tabs_idx":0
  },
  "viewer":{
   "jshandler":"webview/handlers/ElementHandler"
  },
  "obj_viewer":[
  ],
  "finder":[
  ]
 },
 {
  "sid":"BupSimulinkLibraries:89:21",
  "className":"Stateflow.Transition",
  "icon":"WebViewIcon10",
  "name":"",
  "label":"[BimWasEnabled == 1 && timeHasPassed > 20]",
  "parent":"BupSimulinkLibraries:89",
  "inspector":{
   "params":[
    "ExecutionOrder",
    "LabelString",
    "Description",
    "Document"
   ],
   "values":[
    1,
    "[BimWasEnabled == 1 && timeHasPassed > 20]",
    "",
    ""
   ],
   "tabs":[
    "Parameter Attributes"
   ],
   "tabs_idx":0
  },
  "viewer":{
   "jshandler":"webview/handlers/ElementHandler"
  },
  "obj_viewer":[
  ],
  "finder":[
  ]
 },
 {
  "sid":"BupSimulinkLibraries:89:41",
  "className":"Stateflow.Transition",
  "icon":"WebViewIcon10",
  "name":"",
  "label":"",
  "parent":"BupSimulinkLibraries:89",
  "inspector":{
   "params":[
    "LabelString",
    "Description",
    "Document"
   ],
   "values":[
    "",
    "",
    ""
   ],
   "tabs":[
    "Parameter Attributes"
   ],
   "tabs_idx":0
  },
  "viewer":{
   "jshandler":"webview/handlers/ElementHandler"
  },
  "obj_viewer":[
  ],
  "finder":[
  ]
 },
 {
  "sid":"BupSimulinkLibraries:89:55",
  "className":"Stateflow.Transition",
  "icon":"WebViewIcon10",
  "name":"",
  "label":"[Skip]",
  "parent":"BupSimulinkLibraries:89",
  "inspector":{
   "params":[
    "ExecutionOrder",
    "LabelString",
    "Description",
    "Document"
   ],
   "values":[
    2,
    "[Skip]",
    "",
    ""
   ],
   "tabs":[
    "Parameter Attributes"
   ],
   "tabs_idx":0
  },
  "viewer":{
   "jshandler":"webview/handlers/ElementHandler"
  },
  "obj_viewer":[
  ],
  "finder":[
  ]
 },
 {
  "sid":"BupSimulinkLibraries:89:38",
  "className":"Stateflow.Transition",
  "icon":"WebViewIcon10",
  "name":"",
  "label":"{timeHasPassed = 0;}",
  "parent":"BupSimulinkLibraries:89",
  "inspector":{
   "params":[
    "ExecutionOrder",
    "LabelString",
    "Description",
    "Document"
   ],
   "values":[
    1,
    "{timeHasPassed = 0;}",
    "",
    ""
   ],
   "tabs":[
    "Parameter Attributes"
   ],
   "tabs_idx":0
  },
  "viewer":{
   "jshandler":"webview/handlers/ElementHandler"
  },
  "obj_viewer":[
  ],
  "finder":[
  ]
 },
 {
  "sid":"BupSimulinkLibraries:89:44",
  "className":"Stateflow.Transition",
  "icon":"WebViewIcon10",
  "name":"",
  "label":"[BimWasDisabled == 1]",
  "parent":"BupSimulinkLibraries:89",
  "inspector":{
   "params":[
    "LabelString",
    "Description",
    "Document"
   ],
   "values":[
    "[BimWasDisabled == 1]",
    "",
    ""
   ],
   "tabs":[
    "Parameter Attributes"
   ],
   "tabs_idx":0
  },
  "viewer":{
   "jshandler":"webview/handlers/ElementHandler"
  },
  "obj_viewer":[
  ],
  "finder":[
  ]
 },
 {
  "sid":"BupSimulinkLibraries:89:34",
  "className":"Stateflow.Transition",
  "icon":"WebViewIcon10",
  "name":"",
  "label":"",
  "parent":"BupSimulinkLibraries:89",
  "inspector":{
   "params":[
    "ExecutionOrder",
    "LabelString",
    "Description",
    "Document"
   ],
   "values":[
    1,
    "",
    "",
    ""
   ],
   "tabs":[
    "Parameter Attributes"
   ],
   "tabs_idx":0
  },
  "viewer":{
   "jshandler":"webview/handlers/ElementHandler"
  },
  "obj_viewer":[
  ],
  "finder":[
  ]
 }
]