[
 {
  "sid":"fullSystemModel:515:452",
  "className":"Stateflow.State",
  "icon":"WebViewIcon8",
  "name":"BimSupply",
  "label":"BimSupply",
  "parent":"fullSystemModel:515",
  "inspector":{
   "params":[
    "ExecutionOrder",
    "HasOutputData",
    "InlineOption",
    "LabelString",
    "DataLogging",
    "TestPoint",
    "Description",
    "Document"
   ],
   "values":[
    5,
    false,
    "Auto",
    "BimSupply\n",
    false,
    false,
    "",
    ""
   ],
   "tabs":[
    "General",
    "Logging",
    "Documentation"
   ],
   "tabs_idx":[
    0,
    4,
    6
   ]
  },
  "viewer":{
   "jshandler":"webview/handlers/ElementHandler"
  },
  "obj_viewer":[
  ],
  "finder":[
  ]
 },
 {
  "sid":"fullSystemModel:515:603",
  "className":"Stateflow.State",
  "icon":"WebViewIcon8",
  "name":"Init",
  "label":"Init",
  "parent":"fullSystemModel:515",
  "inspector":{
   "params":[
    "HasOutputData",
    "InlineOption",
    "LabelString",
    "DataLogging",
    "TestPoint",
    "Description",
    "Document"
   ],
   "values":[
    false,
    "Auto",
    "Init\nentry:\n  enableTargetting = 0;",
    false,
    false,
    "",
    ""
   ],
   "tabs":[
    "General",
    "Logging",
    "Documentation"
   ],
   "tabs_idx":[
    0,
    3,
    5
   ]
  },
  "viewer":{
   "jshandler":"webview/handlers/ElementHandler"
  },
  "obj_viewer":[
  ],
  "finder":[
  ]
 },
 {
  "sid":"fullSystemModel:515:458",
  "className":"Stateflow.State",
  "icon":"WebViewIcon8",
  "name":"Disable",
  "label":"Disable",
  "parent":"fullSystemModel:515",
  "inspector":{
   "params":[
    "HasOutputData",
    "InlineOption",
    "LabelString",
    "DataLogging",
    "TestPoint",
    "Description",
    "Document"
   ],
   "values":[
    false,
    "Auto",
    "Disable\nentry:\n   enableTargetting = 0;\n   timeout = BimTimeout;\n",
    false,
    false,
    "",
    ""
   ],
   "tabs":[
    "General",
    "Logging",
    "Documentation"
   ],
   "tabs_idx":[
    0,
    3,
    5
   ]
  },
  "viewer":{
   "jshandler":"webview/handlers/ElementHandler"
  },
  "obj_viewer":[
  ],
  "finder":[
  ]
 },
 {
  "sid":"fullSystemModel:515:484",
  "className":"Stateflow.State",
  "icon":"WebViewIcon8",
  "name":"NonBlockingControl",
  "label":"NonBlockingControl",
  "parent":"fullSystemModel:515",
  "inspector":{
   "params":[
    "HasOutputData",
    "InlineOption",
    "LabelString",
    "DataLogging",
    "TestPoint",
    "Description",
    "Document"
   ],
   "values":[
    false,
    "Auto",
    "NonBlockingControl\nenableTargetting = 1;",
    false,
    false,
    "",
    ""
   ],
   "tabs":[
    "General",
    "Logging",
    "Documentation"
   ],
   "tabs_idx":[
    0,
    3,
    5
   ]
  },
  "viewer":{
   "jshandler":"webview/handlers/ElementHandler"
  },
  "obj_viewer":[
  ],
  "finder":[
  ]
 },
 {
  "sid":"fullSystemModel:515:461",
  "className":"Stateflow.State",
  "icon":"WebViewIcon8",
  "name":"Shutdown",
  "label":"Shutdown",
  "parent":"fullSystemModel:515",
  "inspector":{
   "params":[
    "HasOutputData",
    "InlineOption",
    "LabelString",
    "DataLogging",
    "TestPoint",
    "Description",
    "Document"
   ],
   "values":[
    false,
    "Auto",
    "Shutdown\nenableTargetting = 0;",
    false,
    false,
    "",
    ""
   ],
   "tabs":[
    "General",
    "Logging",
    "Documentation"
   ],
   "tabs_idx":[
    0,
    3,
    5
   ]
  },
  "viewer":{
   "jshandler":"webview/handlers/ElementHandler"
  },
  "obj_viewer":[
  ],
  "finder":[
  ]
 },
 {
  "sid":"fullSystemModel:515:456",
  "className":"Stateflow.State",
  "icon":"WebViewIcon8",
  "name":"Enable",
  "label":"Enable",
  "parent":"fullSystemModel:515",
  "inspector":{
   "params":[
    "HasOutputData",
    "InlineOption",
    "LabelString",
    "DataLogging",
    "TestPoint",
    "Description",
    "Document"
   ],
   "values":[
    false,
    "Auto",
    "Enable\nentry:\n   timeout = 0;\n   enableTargetting = 1;\n",
    false,
    false,
    "",
    ""
   ],
   "tabs":[
    "General",
    "Logging",
    "Documentation"
   ],
   "tabs_idx":[
    0,
    3,
    5
   ]
  },
  "viewer":{
   "jshandler":"webview/handlers/ElementHandler"
  },
  "obj_viewer":[
  ],
  "finder":[
  ]
 },
 {
  "sid":"fullSystemModel:515:485",
  "className":"Stateflow.Transition",
  "icon":"WebViewIcon10",
  "name":"",
  "label":"parking",
  "parent":"fullSystemModel:515",
  "inspector":{
   "params":[
    "LabelString",
    "Description",
    "Document"
   ],
   "values":[
    "parking",
    "",
    ""
   ],
   "tabs":[
    "Parameter Attributes"
   ],
   "tabs_idx":0
  },
  "viewer":{
   "jshandler":"webview/handlers/ElementHandler"
  },
  "obj_viewer":[
  ],
  "finder":[
  ]
 },
 {
  "sid":"fullSystemModel:515:621",
  "className":"Stateflow.Transition",
  "icon":"WebViewIcon10",
  "name":"",
  "label":"",
  "parent":"fullSystemModel:515",
  "inspector":{
   "params":[
    "ExecutionOrder",
    "LabelString",
    "Description",
    "Document"
   ],
   "values":[
    1,
    "",
    "",
    ""
   ],
   "tabs":[
    "Parameter Attributes"
   ],
   "tabs_idx":0
  },
  "viewer":{
   "jshandler":"webview/handlers/ElementHandler"
  },
  "obj_viewer":[
  ],
  "finder":[
  ]
 },
 {
  "sid":"fullSystemModel:515:465",
  "className":"Stateflow.Transition",
  "icon":"WebViewIcon10",
  "name":"",
  "label":"nonBlockingMode",
  "parent":"fullSystemModel:515",
  "inspector":{
   "params":[
    "LabelString",
    "Description",
    "Document"
   ],
   "values":[
    "nonBlockingMode",
    "",
    ""
   ],
   "tabs":[
    "Parameter Attributes"
   ],
   "tabs_idx":0
  },
  "viewer":{
   "jshandler":"webview/handlers/ElementHandler"
  },
  "obj_viewer":[
  ],
  "finder":[
  ]
 },
 {
  "sid":"fullSystemModel:515:705",
  "className":"Stateflow.Transition",
  "icon":"WebViewIcon10",
  "name":"",
  "label":"parking",
  "parent":"fullSystemModel:515",
  "inspector":{
   "params":[
    "LabelString",
    "Description",
    "Document"
   ],
   "values":[
    "parking",
    "",
    ""
   ],
   "tabs":[
    "Parameter Attributes"
   ],
   "tabs_idx":0
  },
  "viewer":{
   "jshandler":"webview/handlers/ElementHandler"
  },
  "obj_viewer":[
  ],
  "finder":[
  ]
 },
 {
  "sid":"fullSystemModel:515:605",
  "className":"Stateflow.Transition",
  "icon":"WebViewIcon10",
  "name":"",
  "label":"",
  "parent":"fullSystemModel:515",
  "inspector":{
   "params":[
    "ExecutionOrder",
    "LabelString",
    "Description",
    "Document"
   ],
   "values":[
    1,
    "",
    "",
    ""
   ],
   "tabs":[
    "Parameter Attributes"
   ],
   "tabs_idx":0
  },
  "viewer":{
   "jshandler":"webview/handlers/ElementHandler"
  },
  "obj_viewer":[
  ],
  "finder":[
  ]
 },
 {
  "sid":"fullSystemModel:515:459",
  "className":"Stateflow.Transition",
  "icon":"WebViewIcon10",
  "name":"",
  "label":"wantDisable",
  "parent":"fullSystemModel:515",
  "inspector":{
   "params":[
    "ExecutionOrder",
    "LabelString",
    "Description",
    "Document"
   ],
   "values":[
    1,
    "wantDisable",
    "",
    ""
   ],
   "tabs":[
    "Parameter Attributes"
   ],
   "tabs_idx":0
  },
  "viewer":{
   "jshandler":"webview/handlers/ElementHandler"
  },
  "obj_viewer":[
  ],
  "finder":[
  ]
 },
 {
  "sid":"fullSystemModel:515:457",
  "className":"Stateflow.Transition",
  "icon":"WebViewIcon10",
  "name":"",
  "label":"",
  "parent":"fullSystemModel:515",
  "inspector":{
   "params":[
    "ExecutionOrder",
    "LabelString",
    "Description",
    "Document"
   ],
   "values":[
    1,
    "",
    "",
    ""
   ],
   "tabs":[
    "Parameter Attributes"
   ],
   "tabs_idx":0
  },
  "viewer":{
   "jshandler":"webview/handlers/ElementHandler"
  },
  "obj_viewer":[
  ],
  "finder":[
  ]
 },
 {
  "sid":"fullSystemModel:515:464",
  "className":"Stateflow.Transition",
  "icon":"WebViewIcon10",
  "name":"",
  "label":"nonBlockingMode",
  "parent":"fullSystemModel:515",
  "inspector":{
   "params":[
    "LabelString",
    "Description",
    "Document"
   ],
   "values":[
    "nonBlockingMode",
    "",
    ""
   ],
   "tabs":[
    "Parameter Attributes"
   ],
   "tabs_idx":0
  },
  "viewer":{
   "jshandler":"webview/handlers/ElementHandler"
  },
  "obj_viewer":[
  ],
  "finder":[
  ]
 },
 {
  "sid":"fullSystemModel:515:460",
  "className":"Stateflow.Transition",
  "icon":"WebViewIcon10",
  "name":"",
  "label":"[timeout == 0]",
  "parent":"fullSystemModel:515",
  "inspector":{
   "params":[
    "ExecutionOrder",
    "LabelString",
    "Description",
    "Document"
   ],
   "values":[
    2,
    "[timeout == 0]",
    "",
    ""
   ],
   "tabs":[
    "Parameter Attributes"
   ],
   "tabs_idx":0
  },
  "viewer":{
   "jshandler":"webview/handlers/ElementHandler"
  },
  "obj_viewer":[
  ],
  "finder":[
  ]
 },
 {
  "sid":"fullSystemModel:515:622",
  "className":"Stateflow.Transition",
  "icon":"WebViewIcon10",
  "name":"",
  "label":"wantEnable",
  "parent":"fullSystemModel:515",
  "inspector":{
   "params":[
    "ExecutionOrder",
    "LabelString",
    "Description",
    "Document"
   ],
   "values":[
    1,
    "wantEnable",
    "",
    ""
   ],
   "tabs":[
    "Parameter Attributes"
   ],
   "tabs_idx":0
  },
  "viewer":{
   "jshandler":"webview/handlers/ElementHandler"
  },
  "obj_viewer":[
  ],
  "finder":[
  ]
 },
 {
  "sid":"fullSystemModel:515:706",
  "className":"Stateflow.Transition",
  "icon":"WebViewIcon10",
  "name":"",
  "label":"parking",
  "parent":"fullSystemModel:515",
  "inspector":{
   "params":[
    "LabelString",
    "Description",
    "Document"
   ],
   "values":[
    "parking",
    "",
    ""
   ],
   "tabs":[
    "Parameter Attributes"
   ],
   "tabs_idx":0
  },
  "viewer":{
   "jshandler":"webview/handlers/ElementHandler"
  },
  "obj_viewer":[
  ],
  "finder":[
  ]
 },
 {
  "sid":"fullSystemModel:515:260",
  "className":"Stateflow.State",
  "icon":"WebViewIcon8",
  "name":"EventGenerator",
  "label":"EventGenerator",
  "parent":"fullSystemModel:515",
  "inspector":{
   "params":[
    "ExecutionOrder",
    "HasOutputData",
    "InlineOption",
    "LabelString",
    "DataLogging",
    "TestPoint",
    "Description",
    "Document"
   ],
   "values":[
    4,
    false,
    "Auto",
    "EventGenerator\nentry:\n  timeVertical = 0;\n  timeHorizontal = 0;\nduring:\n  % Контроль выхода на точку\n  if checkFinalMane  == 1;\n      Control.final;\n  else\n      Control.cancelFinal;\n  end\n  % Контроль попадания в зону текущей цели\n  if CheckArrival(currentPoint, targetPoint, ArrivalRadius) == 1;\n      Control.nextStage;\n  end\n  % Контроль попадания в зону точки приземления\n  % где на работу БИМов нет ограничений\n  if CheckArrival(currentPoint, targetPoint, 2000) == 1;\n      BimSupply.nonBlockingMode;\n      BimTimeout = 10;\n  end\n  % Контроль попадания в зону точки приземления\n  % Где управление уже запрещено\n  if CheckArrival(currentPoint, targetPoint, 300) == 1;\n      BimSupply.parking;\n  end\n  if fallingBim  == 1\n      if Control.Flight.StepAngle.justReturnedHere\n          Control.Flight.StepAngle.justReturnedHere = false;\n      else\n          BimSupply.wantDisable\n      end\n  end",
    false,
    false,
    "",
    ""
   ],
   "tabs":[
    "General",
    "Logging",
    "Documentation"
   ],
   "tabs_idx":[
    0,
    4,
    6
   ]
  },
  "viewer":{
   "jshandler":"webview/handlers/ElementHandler"
  },
  "obj_viewer":[
  ],
  "finder":[
  ]
 },
 {
  "sid":"fullSystemModel:515:141",
  "className":"Stateflow.EMFunction",
  "icon":"WebViewIcon12",
  "name":"checkFinalMane",
  "label":"checkFinalMane",
  "parent":"fullSystemModel:515",
  "inspector":{
   "params":[
    "InlineOption",
    "LabelString",
    "Description",
    "Document"
   ],
   "values":[
    "Auto",
    "status = checkFinalMane",
    "",
    ""
   ],
   "tabs":[
    "General",
    "Documentation"
   ],
   "tabs_idx":[
    0,
    2
   ]
  },
  "viewer":{
   "jshandler":"webview/handlers/ElementHandler"
  },
  "obj_viewer":{
   "code":"%%%%%%%%%%%%%%%%%%%%%%%%%%%%%%%%%%%%%%%%%%%%%%%%%%%%%%%%%%%%%%%%%%%%%%%%%%%\n% CheckFinalMane - Проверка необходимости перехода к финальному манёвру\n%%%%%%%%%%%%%%%%%%%%%%%%%%%%%%%%%%%%%%%%%%%%%%%%%%%%%%%%%%%%%%%%%%%%%%%%%%%\nfunction status = checkFinalMane\n    %% Вычислим расстояние с помощью функции DistanceCalculator()\n    distanceToTarget = DistanceCalculator(currentPoint, targetPoint+touchdownPointOffset);\n    %% Вычисляем время необходимое для преодоления расстояния до TDP и до посадки\n    timeHorizontal = distanceToTarget/velocityHorizontal;\n    timeVertical = (currentPoint(altitude) - (targetPoint(altitude) + double(targetPoint(relief))))/velocityVertical;\n    %% Определяем поправку по времени необходимому на разворот\n    % Угол разворота\n    angle = ControlDemode(courseToTargetPoint - course);\n    angle = abs(angle/pi*180);\n    \n    % Вычисляем поправку как линейную функцию: \n    %T_hor_popr = angle / TurnSpeed;\n\n    % Вычисляем поправку по параболе\n    timeHorizontalCorrection = 0.0005*angle^2 + 0.06*angle;\n        \n    % Нулевая поправка\n    timeHorizontalCorrection = 0;\n    \n    timeHorizontal = timeHorizontal + timeHorizontalCorrection;\n    %% Возвращаем сигнал о необходимости перейти на финальный маневр\n    if timeHorizontal > timeVertical\n        status = 1;\n    else\n        status = 0;\n    end\nend",
   "code_sid":"fullSystemModel:515:141"
  },
  "finder":[
  ]
 },
 {
  "sid":"fullSystemModel:515:573",
  "className":"Stateflow.Function",
  "icon":"WebViewIcon13",
  "name":"TimeoutDecrement",
  "label":"TimeoutDecrement",
  "parent":"fullSystemModel:515",
  "inspector":{
   "params":[
    "InlineOption",
    "LabelString",
    "Description",
    "Document"
   ],
   "values":[
    "Auto",
    "Timeoutput = TimeoutDecrement (TimeoutTag)",
    "",
    ""
   ],
   "tabs":[
    "General",
    "Documentation"
   ],
   "tabs_idx":[
    0,
    2
   ]
  },
  "viewer":{
   "jshandler":"webview/handlers/ElementHandler"
  },
  "obj_viewer":[
  ],
  "finder":[
  ]
 },
 {
  "sid":"fullSystemModel:515:576",
  "className":"Stateflow.Transition",
  "icon":"WebViewIcon10",
  "name":"",
  "label":"",
  "parent":"fullSystemModel:515",
  "inspector":{
   "params":[
    "ExecutionOrder",
    "LabelString",
    "Description",
    "Document"
   ],
   "values":[
    1,
    "",
    "",
    ""
   ],
   "tabs":[
    "Parameter Attributes"
   ],
   "tabs_idx":0
  },
  "viewer":{
   "jshandler":"webview/handlers/ElementHandler"
  },
  "obj_viewer":[
  ],
  "finder":[
  ]
 },
 {
  "sid":"fullSystemModel:515:578",
  "className":"Stateflow.Transition",
  "icon":"WebViewIcon10",
  "name":"",
  "label":"{Timeoutput = uint32(0);}",
  "parent":"fullSystemModel:515",
  "inspector":{
   "params":[
    "ExecutionOrder",
    "LabelString",
    "Description",
    "Document"
   ],
   "values":[
    2,
    "{Timeoutput = uint32(0);}",
    "",
    ""
   ],
   "tabs":[
    "Parameter Attributes"
   ],
   "tabs_idx":0
  },
  "viewer":{
   "jshandler":"webview/handlers/ElementHandler"
  },
  "obj_viewer":[
  ],
  "finder":[
  ]
 },
 {
  "sid":"fullSystemModel:515:577",
  "className":"Stateflow.Transition",
  "icon":"WebViewIcon10",
  "name":"",
  "label":"[TimeoutTag > 0] {Timeoutput = TimeoutTag - 1;}",
  "parent":"fullSystemModel:515",
  "inspector":{
   "params":[
    "ExecutionOrder",
    "LabelString",
    "Description",
    "Document"
   ],
   "values":[
    1,
    "[TimeoutTag > 0]\n{Timeoutput = TimeoutTag - 1;}",
    "",
    ""
   ],
   "tabs":[
    "Parameter Attributes"
   ],
   "tabs_idx":0
  },
  "viewer":{
   "jshandler":"webview/handlers/ElementHandler"
  },
  "obj_viewer":[
  ],
  "finder":[
  ]
 },
 {
  "sid":"fullSystemModel:515:690",
  "className":"Stateflow.EMFunction",
  "icon":"WebViewIcon12",
  "name":"Angle2Course",
  "label":"Angle2Course",
  "parent":"fullSystemModel:515",
  "inspector":{
   "params":[
    "InlineOption",
    "LabelString",
    "Description",
    "Document"
   ],
   "values":[
    "Auto",
    "resultCourse = Angle2Course(angle)",
    "",
    ""
   ],
   "tabs":[
    "General",
    "Documentation"
   ],
   "tabs_idx":[
    0,
    2
   ]
  },
  "viewer":{
   "jshandler":"webview/handlers/ElementHandler"
  },
  "obj_viewer":{
   "code":"%%%%%%%%%%%%%%%%%%%%%%%%%%%%%%%%%%%%%%%%%%%%%%%%%%%%%%%%%%%%%%%%%%%%%%%%%%%\n% \n% Angle2Course - Преобразование курса к используемому в модели виду\n%\n%%%%%%%%%%%%%%%%%%%%%%%%%%%%%%%%%%%%%%%%%%%%%%%%%%%%%%%%%%%%%%%%%%%%%%%%%%%\nfunction resultCourse = Angle2Course(angle)\n    resultCourse = angle;\n    if angle < 0\n        resultCourse = resultCourse + 2*pi;\n    end\nend\n",
   "code_sid":"fullSystemModel:515:690"
  },
  "finder":[
  ]
 },
 {
  "sid":"fullSystemModel:515:701",
  "className":"Stateflow.EMFunction",
  "icon":"WebViewIcon12",
  "name":"nonlinearCoefficientFunction",
  "label":"nonlinearCoefficientFunction",
  "parent":"fullSystemModel:515",
  "inspector":{
   "params":[
    "InlineOption",
    "LabelString",
    "Description",
    "Document"
   ],
   "values":[
    "Auto",
    "coefficient = nonlinearCoefficientFunction",
    "",
    ""
   ],
   "tabs":[
    "General",
    "Documentation"
   ],
   "tabs_idx":[
    0,
    2
   ]
  },
  "viewer":{
   "jshandler":"webview/handlers/ElementHandler"
  },
  "obj_viewer":{
   "code":"%%%%%%%%%%%%%%%%%%%%%%%%%%%%%%%%%%%%%%%%%%%%%%%%%%%%%%%%%%%%%%%%%%%%%%%%%%%\n%   nonlinearCoefficientFunction - Возвращает коэффициент эффективности\n%   маневров потери высоты.\n%%%%%%%%%%%%%%%%%%%%%%%%%%%%%%%%%%%%%%%%%%%%%%%%%%%%%%%%%%%%%%%%%%%%%%%%%%%\nfunction coefficient = nonlinearCoefficientFunction()\n    coefficient = 3*exp(-distanceToTarget/2.5e3);\n    if coefficient > 1\n        coefficient = 1;\n    end\nend\n\n",
   "code_sid":"fullSystemModel:515:701"
  },
  "finder":[
  ]
 },
 {
  "sid":"fullSystemModel:515:34",
  "className":"Stateflow.State",
  "icon":"WebViewIcon8",
  "name":"Touchdown",
  "label":"Touchdown",
  "parent":"fullSystemModel:515",
  "inspector":{
   "params":[
    "ExecutionOrder",
    "HasOutputData",
    "InlineOption",
    "LabelString",
    "DataLogging",
    "TestPoint",
    "Description",
    "Document"
   ],
   "values":[
    3,
    false,
    "Auto",
    "Touchdown\n%Здесь мы отдельно будем контролировать высоту,\n% для своевременного открытия посадотчных парашютов",
    false,
    false,
    "",
    ""
   ],
   "tabs":[
    "General",
    "Logging",
    "Documentation"
   ],
   "tabs_idx":[
    0,
    4,
    6
   ]
  },
  "viewer":{
   "jshandler":"webview/handlers/ElementHandler"
  },
  "obj_viewer":[
  ],
  "finder":[
  ]
 },
 {
  "sid":"fullSystemModel:515:38",
  "className":"Stateflow.State",
  "icon":"WebViewIcon8",
  "name":"Off",
  "label":"Off",
  "parent":"fullSystemModel:515",
  "inspector":{
   "params":[
    "HasOutputData",
    "InlineOption",
    "LabelString",
    "DataLogging",
    "TestPoint",
    "Description",
    "Document"
   ],
   "values":[
    false,
    "Auto",
    "Off\ntouchdownEnable = 0;",
    false,
    false,
    "",
    ""
   ],
   "tabs":[
    "General",
    "Logging",
    "Documentation"
   ],
   "tabs_idx":[
    0,
    3,
    5
   ]
  },
  "viewer":{
   "jshandler":"webview/handlers/ElementHandler"
  },
  "obj_viewer":[
  ],
  "finder":[
  ]
 },
 {
  "sid":"fullSystemModel:515:36",
  "className":"Stateflow.State",
  "icon":"WebViewIcon8",
  "name":"On",
  "label":"On",
  "parent":"fullSystemModel:515",
  "inspector":{
   "params":[
    "HasOutputData",
    "InlineOption",
    "LabelString",
    "DataLogging",
    "TestPoint",
    "Description",
    "Document"
   ],
   "values":[
    false,
    "Auto",
    "On\ntouchdownEnable = 1;",
    false,
    false,
    "",
    ""
   ],
   "tabs":[
    "General",
    "Logging",
    "Documentation"
   ],
   "tabs_idx":[
    0,
    3,
    5
   ]
  },
  "viewer":{
   "jshandler":"webview/handlers/ElementHandler"
  },
  "obj_viewer":[
  ],
  "finder":[
  ]
 },
 {
  "sid":"fullSystemModel:515:125",
  "className":"Stateflow.Transition",
  "icon":"WebViewIcon10",
  "name":"",
  "label":"[reliefAvailable ==1]",
  "parent":"fullSystemModel:515",
  "inspector":{
   "params":[
    "ExecutionOrder",
    "LabelString",
    "Description",
    "Document"
   ],
   "values":[
    2,
    "[reliefAvailable ==1]",
    "",
    ""
   ],
   "tabs":[
    "Parameter Attributes"
   ],
   "tabs_idx":0
  },
  "viewer":{
   "jshandler":"webview/handlers/ElementHandler"
  },
  "obj_viewer":[
  ],
  "finder":[
  ]
 },
 {
  "sid":"fullSystemModel:515:43",
  "className":"Stateflow.Transition",
  "icon":"WebViewIcon10",
  "name":"",
  "label":"[reliefAvailable == 0]",
  "parent":"fullSystemModel:515",
  "inspector":{
   "params":[
    "ExecutionOrder",
    "LabelString",
    "Description",
    "Document"
   ],
   "values":[
    1,
    "[reliefAvailable == 0]",
    "",
    ""
   ],
   "tabs":[
    "Parameter Attributes"
   ],
   "tabs_idx":0
  },
  "viewer":{
   "jshandler":"webview/handlers/ElementHandler"
  },
  "obj_viewer":[
  ],
  "finder":[
  ]
 },
 {
  "sid":"fullSystemModel:515:119",
  "className":"Stateflow.Transition",
  "icon":"WebViewIcon10",
  "name":"",
  "label":"",
  "parent":"fullSystemModel:515",
  "inspector":{
   "params":[
    "ExecutionOrder",
    "LabelString",
    "Description",
    "Document"
   ],
   "values":[
    1,
    "",
    "",
    ""
   ],
   "tabs":[
    "Parameter Attributes"
   ],
   "tabs_idx":0
  },
  "viewer":{
   "jshandler":"webview/handlers/ElementHandler"
  },
  "obj_viewer":[
  ],
  "finder":[
  ]
 },
 {
  "sid":"fullSystemModel:515:129",
  "className":"Stateflow.Transition",
  "icon":"WebViewIcon10",
  "name":"",
  "label":"[(currentPoint(altitude)-currentPoint(relief)) <= targetPoint(altitude)]",
  "parent":"fullSystemModel:515",
  "inspector":{
   "params":[
    "ExecutionOrder",
    "LabelString",
    "Description",
    "Document"
   ],
   "values":[
    1,
    "[(currentPoint(altitude)-currentPoint(relief)) <= targetPoint(altitude)]",
    "",
    ""
   ],
   "tabs":[
    "Parameter Attributes"
   ],
   "tabs_idx":0
  },
  "viewer":{
   "jshandler":"webview/handlers/ElementHandler"
  },
  "obj_viewer":[
  ],
  "finder":[
  ]
 },
 {
  "sid":"fullSystemModel:515:37",
  "className":"Stateflow.Transition",
  "icon":"WebViewIcon10",
  "name":"",
  "label":"",
  "parent":"fullSystemModel:515",
  "inspector":{
   "params":[
    "ExecutionOrder",
    "LabelString",
    "Description",
    "Document"
   ],
   "values":[
    1,
    "",
    "",
    ""
   ],
   "tabs":[
    "Parameter Attributes"
   ],
   "tabs_idx":0
  },
  "viewer":{
   "jshandler":"webview/handlers/ElementHandler"
  },
  "obj_viewer":[
  ],
  "finder":[
  ]
 },
 {
  "sid":"fullSystemModel:515:128",
  "className":"Stateflow.Transition",
  "icon":"WebViewIcon10",
  "name":"",
  "label":"[currentPoint(altitude) <= targetPoint(altitude)]",
  "parent":"fullSystemModel:515",
  "inspector":{
   "params":[
    "ExecutionOrder",
    "LabelString",
    "Description",
    "Document"
   ],
   "values":[
    1,
    "[currentPoint(altitude) <= targetPoint(altitude)]",
    "",
    ""
   ],
   "tabs":[
    "Parameter Attributes"
   ],
   "tabs_idx":0
  },
  "viewer":{
   "jshandler":"webview/handlers/ElementHandler"
  },
  "obj_viewer":[
  ],
  "finder":[
  ]
 },
 {
  "sid":"fullSystemModel:515:9",
  "className":"Stateflow.State",
  "icon":"WebViewIcon8",
  "name":"Control",
  "label":"Control",
  "parent":"fullSystemModel:515",
  "inspector":{
   "params":[
    "ExecutionOrder",
    "HasOutputData",
    "InlineOption",
    "LabelString",
    "DataLogging",
    "TestPoint",
    "Description",
    "Document"
   ],
   "values":[
    2,
    false,
    "Auto",
    "Control\n% Основной цикл задач\n",
    false,
    false,
    "",
    ""
   ],
   "tabs":[
    "General",
    "Logging",
    "Documentation"
   ],
   "tabs_idx":[
    0,
    4,
    6
   ]
  },
  "viewer":{
   "jshandler":"webview/handlers/ElementHandler"
  },
  "obj_viewer":[
  ],
  "finder":[
  ]
 },
 {
  "sid":"fullSystemModel:515:23",
  "className":"Stateflow.State",
  "icon":"WebViewIcon8",
  "name":"Flight",
  "label":"Flight",
  "parent":"fullSystemModel:515",
  "inspector":{
   "params":[
    "HasOutputData",
    "InlineOption",
    "LabelString",
    "DataLogging",
    "TestPoint",
    "Description",
    "Document"
   ],
   "values":[
    false,
    "Auto",
    "Flight % Режим полета по точкам\ncourseToTargetPoint = Azimut(targetPoint + touchdownPointOffset, currentPoint);\n%courseToTargetPoint = Heading(targetPoint + touchdownPointOffset, currentPoint, 0);\ndesiredCourse = courseToTargetPoint;\n",
    false,
    false,
    "",
    ""
   ],
   "tabs":[
    "General",
    "Logging",
    "Documentation"
   ],
   "tabs_idx":[
    0,
    3,
    5
   ]
  },
  "viewer":{
   "jshandler":"webview/handlers/ElementHandler"
  },
  "obj_viewer":[
  ],
  "finder":[
  ]
 },
 {
  "sid":"fullSystemModel:515:94",
  "className":"Stateflow.State",
  "icon":"WebViewIcon8",
  "name":"Final",
  "label":"Final",
  "parent":"fullSystemModel:515",
  "inspector":{
   "params":[
    "HasOutputData",
    "InlineOption",
    "LabelString",
    "DataLogging",
    "TestPoint",
    "Description",
    "Document"
   ],
   "values":[
    false,
    "Auto",
    "Final\n% Состояние последнего манёвра\n% Цель которого выйти на заданную\n% точку приземления\nBimSupply.wantEnable;\ntargetPoint = touchdownPoint\n",
    false,
    false,
    "",
    ""
   ],
   "tabs":[
    "General",
    "Logging",
    "Documentation"
   ],
   "tabs_idx":[
    0,
    3,
    5
   ]
  },
  "viewer":{
   "jshandler":"webview/handlers/ElementHandler"
  },
  "obj_viewer":[
  ],
  "finder":[
  ]
 },
 {
  "sid":"fullSystemModel:515:242",
  "className":"Stateflow.State",
  "icon":"WebViewIcon8",
  "name":"Box",
  "label":"Box",
  "parent":"fullSystemModel:515",
  "inspector":{
   "params":[
    "HasOutputData",
    "InlineOption",
    "LabelString",
    "DataLogging",
    "TestPoint",
    "Description",
    "Document"
   ],
   "values":[
    false,
    "Auto",
    "Box\n% LU - Нацеливание на верхний левый угол \"коробки\"\n% LD - Нацеливание на нижний левый угол \"коробки\"\n% RD - Нацеливание на нижний правый угол \"коробки\"\n% RU - Нацеливание на верхний правый угол \"коробки\"",
    false,
    false,
    "",
    ""
   ],
   "tabs":[
    "General",
    "Logging",
    "Documentation"
   ],
   "tabs_idx":[
    0,
    3,
    5
   ]
  },
  "viewer":{
   "jshandler":"webview/handlers/ElementHandler"
  },
  "obj_viewer":[
  ],
  "finder":[
  ]
 },
 {
  "sid":"fullSystemModel:515:248",
  "className":"Stateflow.State",
  "icon":"WebViewIcon8",
  "name":"RD",
  "label":"RD",
  "parent":"fullSystemModel:515",
  "inspector":{
   "params":[
    "HasOutputData",
    "InlineOption",
    "LabelString",
    "DataLogging",
    "TestPoint",
    "Description",
    "Document"
   ],
   "values":[
    false,
    "Auto",
    "RD\nentry:\ntargetPoint = RDPoint;",
    false,
    false,
    "",
    ""
   ],
   "tabs":[
    "General",
    "Logging",
    "Documentation"
   ],
   "tabs_idx":[
    0,
    3,
    5
   ]
  },
  "viewer":{
   "jshandler":"webview/handlers/ElementHandler"
  },
  "obj_viewer":[
  ],
  "finder":[
  ]
 },
 {
  "sid":"fullSystemModel:515:244",
  "className":"Stateflow.State",
  "icon":"WebViewIcon8",
  "name":"LD",
  "label":"LD",
  "parent":"fullSystemModel:515",
  "inspector":{
   "params":[
    "HasOutputData",
    "InlineOption",
    "LabelString",
    "DataLogging",
    "TestPoint",
    "Description",
    "Document"
   ],
   "values":[
    false,
    "Auto",
    "LD\nentry:\ntargetPoint = LDPoint;",
    false,
    false,
    "",
    ""
   ],
   "tabs":[
    "General",
    "Logging",
    "Documentation"
   ],
   "tabs_idx":[
    0,
    3,
    5
   ]
  },
  "viewer":{
   "jshandler":"webview/handlers/ElementHandler"
  },
  "obj_viewer":[
  ],
  "finder":[
  ]
 },
 {
  "sid":"fullSystemModel:515:246",
  "className":"Stateflow.State",
  "icon":"WebViewIcon8",
  "name":"LU",
  "label":"LU",
  "parent":"fullSystemModel:515",
  "inspector":{
   "params":[
    "HasOutputData",
    "InlineOption",
    "LabelString",
    "DataLogging",
    "TestPoint",
    "Description",
    "Document"
   ],
   "values":[
    false,
    "Auto",
    "LU\nentry:\ntargetPoint = LUPoint;",
    false,
    false,
    "",
    ""
   ],
   "tabs":[
    "General",
    "Logging",
    "Documentation"
   ],
   "tabs_idx":[
    0,
    3,
    5
   ]
  },
  "viewer":{
   "jshandler":"webview/handlers/ElementHandler"
  },
  "obj_viewer":[
  ],
  "finder":[
  ]
 },
 {
  "sid":"fullSystemModel:515:249",
  "className":"Stateflow.State",
  "icon":"WebViewIcon8",
  "name":"RU",
  "label":"RU",
  "parent":"fullSystemModel:515",
  "inspector":{
   "params":[
    "HasOutputData",
    "InlineOption",
    "LabelString",
    "DataLogging",
    "TestPoint",
    "Description",
    "Document"
   ],
   "values":[
    false,
    "Auto",
    "RU\nentry:\ntargetPoint = RUPoint;",
    false,
    false,
    "",
    ""
   ],
   "tabs":[
    "General",
    "Logging",
    "Documentation"
   ],
   "tabs_idx":[
    0,
    3,
    5
   ]
  },
  "viewer":{
   "jshandler":"webview/handlers/ElementHandler"
  },
  "obj_viewer":[
  ],
  "finder":[
  ]
 },
 {
  "sid":"fullSystemModel:515:393",
  "className":"Stateflow.State",
  "icon":"WebViewIcon8",
  "name":"Init",
  "label":"Init",
  "parent":"fullSystemModel:515",
  "inspector":{
   "params":[
    "HasOutputData",
    "InlineOption",
    "LabelString",
    "DataLogging",
    "TestPoint",
    "Description",
    "Document"
   ],
   "values":[
    false,
    "Auto",
    "Init\nBoxEntry = VerticeSelect(currentPoint, LUPoint, LDPoint, RUPoint, RDPoint);",
    false,
    false,
    "",
    ""
   ],
   "tabs":[
    "General",
    "Logging",
    "Documentation"
   ],
   "tabs_idx":[
    0,
    3,
    5
   ]
  },
  "viewer":{
   "jshandler":"webview/handlers/ElementHandler"
  },
  "obj_viewer":[
  ],
  "finder":[
  ]
 },
 {
  "sid":"fullSystemModel:515:250",
  "className":"Stateflow.Transition",
  "icon":"WebViewIcon10",
  "name":"",
  "label":"NextStage",
  "parent":"fullSystemModel:515",
  "inspector":{
   "params":[
    "LabelString",
    "Description",
    "Document"
   ],
   "values":[
    "NextStage",
    "",
    ""
   ],
   "tabs":[
    "Parameter Attributes"
   ],
   "tabs_idx":0
  },
  "viewer":{
   "jshandler":"webview/handlers/ElementHandler"
  },
  "obj_viewer":[
  ],
  "finder":[
  ]
 },
 {
  "sid":"fullSystemModel:515:252",
  "className":"Stateflow.Transition",
  "icon":"WebViewIcon10",
  "name":"",
  "label":"NextStage",
  "parent":"fullSystemModel:515",
  "inspector":{
   "params":[
    "LabelString",
    "Description",
    "Document"
   ],
   "values":[
    "NextStage",
    "",
    ""
   ],
   "tabs":[
    "Parameter Attributes"
   ],
   "tabs_idx":0
  },
  "viewer":{
   "jshandler":"webview/handlers/ElementHandler"
  },
  "obj_viewer":[
  ],
  "finder":[
  ]
 },
 {
  "sid":"fullSystemModel:515:253",
  "className":"Stateflow.Transition",
  "icon":"WebViewIcon10",
  "name":"",
  "label":"[BoxEntry == 3]",
  "parent":"fullSystemModel:515",
  "inspector":{
   "params":[
    "LabelString",
    "Description",
    "Document"
   ],
   "values":[
    "[BoxEntry == 3]",
    "",
    ""
   ],
   "tabs":[
    "Parameter Attributes"
   ],
   "tabs_idx":0
  },
  "viewer":{
   "jshandler":"webview/handlers/ElementHandler"
  },
  "obj_viewer":[
  ],
  "finder":[
  ]
 },
 {
  "sid":"fullSystemModel:515:256",
  "className":"Stateflow.Transition",
  "icon":"WebViewIcon10",
  "name":"",
  "label":"",
  "parent":"fullSystemModel:515",
  "inspector":{
   "params":[
    "LabelString",
    "Description",
    "Document"
   ],
   "values":[
    "",
    "",
    ""
   ],
   "tabs":[
    "Parameter Attributes"
   ],
   "tabs_idx":0
  },
  "viewer":{
   "jshandler":"webview/handlers/ElementHandler"
  },
  "obj_viewer":[
  ],
  "finder":[
  ]
 },
 {
  "sid":"fullSystemModel:515:394",
  "className":"Stateflow.Transition",
  "icon":"WebViewIcon10",
  "name":"",
  "label":"",
  "parent":"fullSystemModel:515",
  "inspector":{
   "params":[
    "LabelString",
    "Description",
    "Document"
   ],
   "values":[
    "",
    "",
    ""
   ],
   "tabs":[
    "Parameter Attributes"
   ],
   "tabs_idx":0
  },
  "viewer":{
   "jshandler":"webview/handlers/ElementHandler"
  },
  "obj_viewer":[
  ],
  "finder":[
  ]
 },
 {
  "sid":"fullSystemModel:515:245",
  "className":"Stateflow.Transition",
  "icon":"WebViewIcon10",
  "name":"",
  "label":"NextStage",
  "parent":"fullSystemModel:515",
  "inspector":{
   "params":[
    "LabelString",
    "Description",
    "Document"
   ],
   "values":[
    "NextStage",
    "",
    ""
   ],
   "tabs":[
    "Parameter Attributes"
   ],
   "tabs_idx":0
  },
  "viewer":{
   "jshandler":"webview/handlers/ElementHandler"
  },
  "obj_viewer":[
  ],
  "finder":[
  ]
 },
 {
  "sid":"fullSystemModel:515:255",
  "className":"Stateflow.Transition",
  "icon":"WebViewIcon10",
  "name":"",
  "label":"[BoxEntry == 4]",
  "parent":"fullSystemModel:515",
  "inspector":{
   "params":[
    "LabelString",
    "Description",
    "Document"
   ],
   "values":[
    "[BoxEntry == 4]",
    "",
    ""
   ],
   "tabs":[
    "Parameter Attributes"
   ],
   "tabs_idx":0
  },
  "viewer":{
   "jshandler":"webview/handlers/ElementHandler"
  },
  "obj_viewer":[
  ],
  "finder":[
  ]
 },
 {
  "sid":"fullSystemModel:515:254",
  "className":"Stateflow.Transition",
  "icon":"WebViewIcon10",
  "name":"",
  "label":"NextStage",
  "parent":"fullSystemModel:515",
  "inspector":{
   "params":[
    "LabelString",
    "Description",
    "Document"
   ],
   "values":[
    "NextStage",
    "",
    ""
   ],
   "tabs":[
    "Parameter Attributes"
   ],
   "tabs_idx":0
  },
  "viewer":{
   "jshandler":"webview/handlers/ElementHandler"
  },
  "obj_viewer":[
  ],
  "finder":[
  ]
 },
 {
  "sid":"fullSystemModel:515:251",
  "className":"Stateflow.Transition",
  "icon":"WebViewIcon10",
  "name":"",
  "label":"[BoxEntry == 2]",
  "parent":"fullSystemModel:515",
  "inspector":{
   "params":[
    "LabelString",
    "Description",
    "Document"
   ],
   "values":[
    "[BoxEntry == 2]",
    "",
    ""
   ],
   "tabs":[
    "Parameter Attributes"
   ],
   "tabs_idx":0
  },
  "viewer":{
   "jshandler":"webview/handlers/ElementHandler"
  },
  "obj_viewer":[
  ],
  "finder":[
  ]
 },
 {
  "sid":"fullSystemModel:515:243",
  "className":"Stateflow.Transition",
  "icon":"WebViewIcon10",
  "name":"",
  "label":"[BoxEntry == 1]",
  "parent":"fullSystemModel:515",
  "inspector":{
   "params":[
    "LabelString",
    "Description",
    "Document"
   ],
   "values":[
    "[BoxEntry == 1]",
    "",
    ""
   ],
   "tabs":[
    "Parameter Attributes"
   ],
   "tabs_idx":0
  },
  "viewer":{
   "jshandler":"webview/handlers/ElementHandler"
  },
  "obj_viewer":[
  ],
  "finder":[
  ]
 },
 {
  "sid":"fullSystemModel:515:82",
  "className":"Stateflow.State",
  "icon":"WebViewIcon8",
  "name":"Angle",
  "label":"Angle",
  "parent":"fullSystemModel:515",
  "inspector":{
   "params":[
    "HasOutputData",
    "InlineOption",
    "LabelString",
    "DataLogging",
    "TestPoint",
    "Description",
    "Document"
   ],
   "values":[
    false,
    "Auto",
    "Angle % Режим углового манёвра\nentry:\n   targetPoint = EntryAngleMan (Point1, Point2, currentPoint, course);\n",
    false,
    false,
    "",
    ""
   ],
   "tabs":[
    "General",
    "Logging",
    "Documentation"
   ],
   "tabs_idx":[
    0,
    3,
    5
   ]
  },
  "viewer":{
   "jshandler":"webview/handlers/ElementHandler"
  },
  "obj_viewer":[
  ],
  "finder":[
  ]
 },
 {
  "sid":"fullSystemModel:515:582",
  "className":"Stateflow.State",
  "icon":"WebViewIcon8",
  "name":"StepAngle",
  "label":"StepAngle",
  "parent":"fullSystemModel:515",
  "inspector":{
   "params":[
    "HasOutputData",
    "InlineOption",
    "LabelString",
    "DataLogging",
    "TestPoint",
    "Description",
    "Document"
   ],
   "values":[
    false,
    "Auto",
    "StepAngle\ncoeff = nonlinearCoefficientFunction;\ntimeDifference = timeVertical - timeHorizontal;",
    false,
    false,
    "",
    ""
   ],
   "tabs":[
    "General",
    "Logging",
    "Documentation"
   ],
   "tabs_idx":[
    0,
    3,
    5
   ]
  },
  "viewer":{
   "jshandler":"webview/handlers/ElementHandler"
  },
  "obj_viewer":[
  ],
  "finder":[
  ]
 },
 {
  "sid":"fullSystemModel:515:684",
  "className":"Stateflow.State",
  "icon":"WebViewIcon8",
  "name":"Exit",
  "label":"Exit",
  "parent":"fullSystemModel:515",
  "inspector":{
   "params":[
    "HasOutputData",
    "InlineOption",
    "LabelString",
    "DataLogging",
    "TestPoint",
    "Description",
    "Document"
   ],
   "values":[
    false,
    "Auto",
    "Exit",
    false,
    false,
    "",
    ""
   ],
   "tabs":[
    "General",
    "Logging",
    "Documentation"
   ],
   "tabs_idx":[
    0,
    3,
    5
   ]
  },
  "viewer":{
   "jshandler":"webview/handlers/ElementHandler"
  },
  "obj_viewer":[
  ],
  "finder":[
  ]
 },
 {
  "sid":"fullSystemModel:515:591",
  "className":"Stateflow.State",
  "icon":"WebViewIcon8",
  "name":"Wait",
  "label":"Wait",
  "parent":"fullSystemModel:515",
  "inspector":{
   "params":[
    "HasOutputData",
    "InlineOption",
    "LabelString",
    "DataLogging",
    "TestPoint",
    "Description",
    "Document"
   ],
   "values":[
    false,
    "Auto",
    "Wait\nentry:\n   BimSupply.wantEnable\n   waiting = true;\n   justReturnedHere = true;\nexit:\n   centralCourse = course;\n",
    false,
    false,
    "",
    ""
   ],
   "tabs":[
    "General",
    "Logging",
    "Documentation"
   ],
   "tabs_idx":[
    0,
    3,
    5
   ]
  },
  "viewer":{
   "jshandler":"webview/handlers/ElementHandler"
  },
  "obj_viewer":[
  ],
  "finder":[
  ]
 },
 {
  "sid":"fullSystemModel:515:590",
  "className":"Stateflow.State",
  "icon":"WebViewIcon8",
  "name":"Right",
  "label":"Right",
  "parent":"fullSystemModel:515",
  "inspector":{
   "params":[
    "HasOutputData",
    "InlineOption",
    "LabelString",
    "DataLogging",
    "TestPoint",
    "Description",
    "Document"
   ],
   "values":[
    false,
    "Auto",
    "Right\nentry:\n    timeout = uint32((timeDifference)*coeff)\n    waiting = false;\n    justReturnedHere = false;\n    BimSupply.wantEnable;\nduring:\n   desiredCourse = Angle2Course(desiredCourse+AngleManevr);\nexit:\n   if wherePoint(initialPoint, targetPoint, currentPoint) == -1\n       side = false;\n   else\n       side = true;\n   end",
    false,
    false,
    "",
    ""
   ],
   "tabs":[
    "General",
    "Logging",
    "Documentation"
   ],
   "tabs_idx":[
    0,
    3,
    5
   ]
  },
  "viewer":{
   "jshandler":"webview/handlers/ElementHandler"
  },
  "obj_viewer":[
  ],
  "finder":[
  ]
 },
 {
  "sid":"fullSystemModel:515:592",
  "className":"Stateflow.State",
  "icon":"WebViewIcon8",
  "name":"Left",
  "label":"Left",
  "parent":"fullSystemModel:515",
  "inspector":{
   "params":[
    "HasOutputData",
    "InlineOption",
    "LabelString",
    "DataLogging",
    "TestPoint",
    "Description",
    "Document"
   ],
   "values":[
    false,
    "Auto",
    "Left\nentry:\n    timeout = uint32((timeDifference)*coeff)\n    waiting = false;\n    justReturnedHere = false;\n    BimSupply.wantEnable;\nduring:\n    desiredCourse = Angle2Course(desiredCourse-AngleManevr);\nexit:\n   side = true;\n   if wherePoint(initialPoint, targetPoint, currentPoint) == 1\n       side = true;\n   else\n       side = false;\n   end",
    false,
    false,
    "",
    ""
   ],
   "tabs":[
    "General",
    "Logging",
    "Documentation"
   ],
   "tabs_idx":[
    0,
    3,
    5
   ]
  },
  "viewer":{
   "jshandler":"webview/handlers/ElementHandler"
  },
  "obj_viewer":[
  ],
  "finder":[
  ]
 },
 {
  "sid":"fullSystemModel:515:717",
  "className":"Stateflow.Transition",
  "icon":"WebViewIcon10",
  "name":"",
  "label":"[errorCourseLimit] {timeout = AngleTimeout/2;}",
  "parent":"fullSystemModel:515",
  "inspector":{
   "params":[
    "ExecutionOrder",
    "LabelString",
    "Description",
    "Document"
   ],
   "values":[
    2,
    "[errorCourseLimit]\n{timeout = AngleTimeout/2;}",
    "",
    ""
   ],
   "tabs":[
    "Parameter Attributes"
   ],
   "tabs_idx":0
  },
  "viewer":{
   "jshandler":"webview/handlers/ElementHandler"
  },
  "obj_viewer":[
  ],
  "finder":[
  ]
 },
 {
  "sid":"fullSystemModel:515:626",
  "className":"Stateflow.Transition",
  "icon":"WebViewIcon10",
  "name":"",
  "label":"",
  "parent":"fullSystemModel:515",
  "inspector":{
   "params":[
    "ExecutionOrder",
    "LabelString",
    "Description",
    "Document"
   ],
   "values":[
    1,
    "",
    "",
    ""
   ],
   "tabs":[
    "Parameter Attributes"
   ],
   "tabs_idx":0
  },
  "viewer":{
   "jshandler":"webview/handlers/ElementHandler"
  },
  "obj_viewer":[
  ],
  "finder":[
  ]
 },
 {
  "sid":"fullSystemModel:515:589",
  "className":"Stateflow.Transition",
  "icon":"WebViewIcon10",
  "name":"",
  "label":"[timeout == 0] {timeout = AngleTimeout;}",
  "parent":"fullSystemModel:515",
  "inspector":{
   "params":[
    "ExecutionOrder",
    "LabelString",
    "Description",
    "Document"
   ],
   "values":[
    1,
    "[timeout == 0]\n{timeout = AngleTimeout;}",
    "",
    ""
   ],
   "tabs":[
    "Parameter Attributes"
   ],
   "tabs_idx":0
  },
  "viewer":{
   "jshandler":"webview/handlers/ElementHandler"
  },
  "obj_viewer":[
  ],
  "finder":[
  ]
 },
 {
  "sid":"fullSystemModel:515:713",
  "className":"Stateflow.Transition",
  "icon":"WebViewIcon10",
  "name":"",
  "label":"",
  "parent":"fullSystemModel:515",
  "inspector":{
   "params":[
    "LabelString",
    "Description",
    "Document"
   ],
   "values":[
    "",
    "",
    ""
   ],
   "tabs":[
    "Parameter Attributes"
   ],
   "tabs_idx":0
  },
  "viewer":{
   "jshandler":"webview/handlers/ElementHandler"
  },
  "obj_viewer":[
  ],
  "finder":[
  ]
 },
 {
  "sid":"fullSystemModel:515:588",
  "className":"Stateflow.Transition",
  "icon":"WebViewIcon10",
  "name":"",
  "label":"[~side]",
  "parent":"fullSystemModel:515",
  "inspector":{
   "params":[
    "ExecutionOrder",
    "LabelString",
    "Description",
    "Document"
   ],
   "values":[
    2,
    "[~side]",
    "",
    ""
   ],
   "tabs":[
    "Parameter Attributes"
   ],
   "tabs_idx":0
  },
  "viewer":{
   "jshandler":"webview/handlers/ElementHandler"
  },
  "obj_viewer":[
  ],
  "finder":[
  ]
 },
 {
  "sid":"fullSystemModel:515:587",
  "className":"Stateflow.Transition",
  "icon":"WebViewIcon10",
  "name":"",
  "label":"[(timeDifference) > 1  && timeout == 0]",
  "parent":"fullSystemModel:515",
  "inspector":{
   "params":[
    "ExecutionOrder",
    "LabelString",
    "Description",
    "Document"
   ],
   "values":[
    1,
    "[(timeDifference) > 1  && timeout == 0]",
    "",
    ""
   ],
   "tabs":[
    "Parameter Attributes"
   ],
   "tabs_idx":0
  },
  "viewer":{
   "jshandler":"webview/handlers/ElementHandler"
  },
  "obj_viewer":[
  ],
  "finder":[
  ]
 },
 {
  "sid":"fullSystemModel:515:685",
  "className":"Stateflow.Transition",
  "icon":"WebViewIcon10",
  "name":"",
  "label":"[distanceToTarget < 500]",
  "parent":"fullSystemModel:515",
  "inspector":{
   "params":[
    "ExecutionOrder",
    "LabelString",
    "Description",
    "Document"
   ],
   "values":[
    2,
    "[distanceToTarget < 500]",
    "",
    ""
   ],
   "tabs":[
    "Parameter Attributes"
   ],
   "tabs_idx":0
  },
  "viewer":{
   "jshandler":"webview/handlers/ElementHandler"
  },
  "obj_viewer":[
  ],
  "finder":[
  ]
 },
 {
  "sid":"fullSystemModel:515:586",
  "className":"Stateflow.Transition",
  "icon":"WebViewIcon10",
  "name":"",
  "label":"[side]",
  "parent":"fullSystemModel:515",
  "inspector":{
   "params":[
    "ExecutionOrder",
    "LabelString",
    "Description",
    "Document"
   ],
   "values":[
    1,
    "[side]",
    "",
    ""
   ],
   "tabs":[
    "Parameter Attributes"
   ],
   "tabs_idx":0
  },
  "viewer":{
   "jshandler":"webview/handlers/ElementHandler"
  },
  "obj_viewer":[
  ],
  "finder":[
  ]
 },
 {
  "sid":"fullSystemModel:515:628",
  "className":"Stateflow.Transition",
  "icon":"WebViewIcon10",
  "name":"",
  "label":"Final {timeout = AngleTimeout/2;}",
  "parent":"fullSystemModel:515",
  "inspector":{
   "params":[
    "LabelString",
    "Description",
    "Document"
   ],
   "values":[
    "Final\n{timeout = AngleTimeout/2;}",
    "",
    ""
   ],
   "tabs":[
    "Parameter Attributes"
   ],
   "tabs_idx":0
  },
  "viewer":{
   "jshandler":"webview/handlers/ElementHandler"
  },
  "obj_viewer":[
  ],
  "finder":[
  ]
 },
 {
  "sid":"fullSystemModel:515:721",
  "className":"Stateflow.Transition",
  "icon":"WebViewIcon10",
  "name":"",
  "label":"[errorCourseLimit] {timeout = AngleTimeout/2;}",
  "parent":"fullSystemModel:515",
  "inspector":{
   "params":[
    "ExecutionOrder",
    "LabelString",
    "Description",
    "Document"
   ],
   "values":[
    2,
    "[errorCourseLimit]\n{timeout = AngleTimeout/2;}",
    "",
    ""
   ],
   "tabs":[
    "Parameter Attributes"
   ],
   "tabs_idx":0
  },
  "viewer":{
   "jshandler":"webview/handlers/ElementHandler"
  },
  "obj_viewer":[
  ],
  "finder":[
  ]
 },
 {
  "sid":"fullSystemModel:515:585",
  "className":"Stateflow.Transition",
  "icon":"WebViewIcon10",
  "name":"",
  "label":"[timeout == 0] {timeout = AngleTimeout;}",
  "parent":"fullSystemModel:515",
  "inspector":{
   "params":[
    "ExecutionOrder",
    "LabelString",
    "Description",
    "Document"
   ],
   "values":[
    1,
    "[timeout == 0]\n{timeout = AngleTimeout;}",
    "",
    ""
   ],
   "tabs":[
    "Parameter Attributes"
   ],
   "tabs_idx":0
  },
  "viewer":{
   "jshandler":"webview/handlers/ElementHandler"
  },
  "obj_viewer":[
  ],
  "finder":[
  ]
 },
 {
  "sid":"fullSystemModel:515:681",
  "className":"Stateflow.Transition",
  "icon":"WebViewIcon10",
  "name":"",
  "label":"Final {timeout = AngleTimeout/2;}",
  "parent":"fullSystemModel:515",
  "inspector":{
   "params":[
    "LabelString",
    "Description",
    "Document"
   ],
   "values":[
    "Final\n{timeout = AngleTimeout/2;}",
    "",
    ""
   ],
   "tabs":[
    "Parameter Attributes"
   ],
   "tabs_idx":0
  },
  "viewer":{
   "jshandler":"webview/handlers/ElementHandler"
  },
  "obj_viewer":[
  ],
  "finder":[
  ]
 },
 {
  "sid":"fullSystemModel:515:634",
  "className":"Stateflow.Transition",
  "icon":"WebViewIcon10",
  "name":"",
  "label":"{timeout = 15;}",
  "parent":"fullSystemModel:515",
  "inspector":{
   "params":[
    "ExecutionOrder",
    "LabelString",
    "Description",
    "Document"
   ],
   "values":[
    1,
    "{timeout = 15;}",
    "",
    ""
   ],
   "tabs":[
    "Parameter Attributes"
   ],
   "tabs_idx":0
  },
  "viewer":{
   "jshandler":"webview/handlers/ElementHandler"
  },
  "obj_viewer":[
  ],
  "finder":[
  ]
 },
 {
  "sid":"fullSystemModel:515:629",
  "className":"Stateflow.Transition",
  "icon":"WebViewIcon10",
  "name":"",
  "label":"",
  "parent":"fullSystemModel:515",
  "inspector":{
   "params":[
    "ExecutionOrder",
    "LabelString",
    "Description",
    "Document"
   ],
   "values":[
    1,
    "",
    "",
    ""
   ],
   "tabs":[
    "Parameter Attributes"
   ],
   "tabs_idx":0
  },
  "viewer":{
   "jshandler":"webview/handlers/ElementHandler"
  },
  "obj_viewer":[
  ],
  "finder":[
  ]
 },
 {
  "sid":"fullSystemModel:515:272",
  "className":"Stateflow.Annotation",
  "icon":"WebViewIcon9",
  "name":"",
  "label":"Разрешаем обратные переходы,  но с таймаутом, чтобы избежать  лишних  переключений",
  "parent":"fullSystemModel:515",
  "inspector":{
   "params":[
    "FixedHeight",
    "FixedWidth",
    "DropShadow",
    "UseDisplayTextAsClickCallback",
    "ClickFcn",
    "Description",
    "Document"
   ],
   "values":[
    false,
    false,
    false,
    false,
    "",
    "",
    ""
   ],
   "tabs":[
    "General",
    "ClickFcn",
    "Documentation"
   ],
   "tabs_idx":[
    0,
    3,
    5
   ]
  },
  "viewer":{
   "jshandler":"webview/handlers/ElementHandler"
  },
  "obj_viewer":[
  ],
  "finder":[
  ]
 },
 {
  "sid":"fullSystemModel:515:271",
  "className":"Stateflow.Transition",
  "icon":"WebViewIcon10",
  "name":"",
  "label":"cancelFinal",
  "parent":"fullSystemModel:515",
  "inspector":{
   "params":[
    "LabelString",
    "Description",
    "Document"
   ],
   "values":[
    "cancelFinal",
    "",
    ""
   ],
   "tabs":[
    "Parameter Attributes"
   ],
   "tabs_idx":0
  },
  "viewer":{
   "jshandler":"webview/handlers/ElementHandler"
  },
  "obj_viewer":[
  ],
  "finder":[
  ]
 },
 {
  "sid":"fullSystemModel:515:593",
  "className":"Stateflow.Transition",
  "icon":"WebViewIcon10",
  "name":"",
  "label":"final",
  "parent":"fullSystemModel:515",
  "inspector":{
   "params":[
    "LabelString",
    "Description",
    "Document"
   ],
   "values":[
    "final",
    "",
    ""
   ],
   "tabs":[
    "Parameter Attributes"
   ],
   "tabs_idx":0
  },
  "viewer":{
   "jshandler":"webview/handlers/ElementHandler"
  },
  "obj_viewer":[
  ],
  "finder":[
  ]
 },
 {
  "sid":"fullSystemModel:515:89",
  "className":"Stateflow.Transition",
  "icon":"WebViewIcon10",
  "name":"",
  "label":"nextStage",
  "parent":"fullSystemModel:515",
  "inspector":{
   "params":[
    "LabelString",
    "Description",
    "Document"
   ],
   "values":[
    "nextStage",
    "",
    ""
   ],
   "tabs":[
    "Parameter Attributes"
   ],
   "tabs_idx":0
  },
  "viewer":{
   "jshandler":"webview/handlers/ElementHandler"
  },
  "obj_viewer":[
  ],
  "finder":[
  ]
 },
 {
  "sid":"fullSystemModel:515:267",
  "className":"Stateflow.Transition",
  "icon":"WebViewIcon10",
  "name":"",
  "label":"[Mode == 1]",
  "parent":"fullSystemModel:515",
  "inspector":{
   "params":[
    "LabelString",
    "Description",
    "Document"
   ],
   "values":[
    "[Mode == 1]",
    "",
    ""
   ],
   "tabs":[
    "Parameter Attributes"
   ],
   "tabs_idx":0
  },
  "viewer":{
   "jshandler":"webview/handlers/ElementHandler"
  },
  "obj_viewer":[
  ],
  "finder":[
  ]
 },
 {
  "sid":"fullSystemModel:515:83",
  "className":"Stateflow.Transition",
  "icon":"WebViewIcon10",
  "name":"",
  "label":"[Mode == 2]",
  "parent":"fullSystemModel:515",
  "inspector":{
   "params":[
    "ExecutionOrder",
    "LabelString",
    "Description",
    "Document"
   ],
   "values":[
    1,
    "[Mode == 2]",
    "",
    ""
   ],
   "tabs":[
    "Parameter Attributes"
   ],
   "tabs_idx":0
  },
  "viewer":{
   "jshandler":"webview/handlers/ElementHandler"
  },
  "obj_viewer":[
  ],
  "finder":[
  ]
 },
 {
  "sid":"fullSystemModel:515:595",
  "className":"Stateflow.Transition",
  "icon":"WebViewIcon10",
  "name":"",
  "label":"[Mode == 2]",
  "parent":"fullSystemModel:515",
  "inspector":{
   "params":[
    "LabelString",
    "Description",
    "Document"
   ],
   "values":[
    "[Mode == 2]",
    "",
    ""
   ],
   "tabs":[
    "Parameter Attributes"
   ],
   "tabs_idx":0
  },
  "viewer":{
   "jshandler":"webview/handlers/ElementHandler"
  },
  "obj_viewer":[
  ],
  "finder":[
  ]
 },
 {
  "sid":"fullSystemModel:515:258",
  "className":"Stateflow.Transition",
  "icon":"WebViewIcon10",
  "name":"",
  "label":"final",
  "parent":"fullSystemModel:515",
  "inspector":{
   "params":[
    "LabelString",
    "Description",
    "Document"
   ],
   "values":[
    "final",
    "",
    ""
   ],
   "tabs":[
    "Parameter Attributes"
   ],
   "tabs_idx":0
  },
  "viewer":{
   "jshandler":"webview/handlers/ElementHandler"
  },
  "obj_viewer":[
  ],
  "finder":[
  ]
 },
 {
  "sid":"fullSystemModel:515:268",
  "className":"Stateflow.Transition",
  "icon":"WebViewIcon10",
  "name":"",
  "label":"",
  "parent":"fullSystemModel:515",
  "inspector":{
   "params":[
    "ExecutionOrder",
    "LabelString",
    "Description",
    "Document"
   ],
   "values":[
    1,
    "",
    "",
    ""
   ],
   "tabs":[
    "Parameter Attributes"
   ],
   "tabs_idx":0
  },
  "viewer":{
   "jshandler":"webview/handlers/ElementHandler"
  },
  "obj_viewer":[
  ],
  "finder":[
  ]
 },
 {
  "sid":"fullSystemModel:515:108",
  "className":"Stateflow.Transition",
  "icon":"WebViewIcon10",
  "name":"",
  "label":"final",
  "parent":"fullSystemModel:515",
  "inspector":{
   "params":[
    "LabelString",
    "Description",
    "Document"
   ],
   "values":[
    "final",
    "",
    ""
   ],
   "tabs":[
    "Parameter Attributes"
   ],
   "tabs_idx":0
  },
  "viewer":{
   "jshandler":"webview/handlers/ElementHandler"
  },
  "obj_viewer":[
  ],
  "finder":[
  ]
 },
 {
  "sid":"fullSystemModel:515:167",
  "className":"Stateflow.State",
  "icon":"WebViewIcon8",
  "name":"TDP_Only",
  "label":"TDP_Only",
  "parent":"fullSystemModel:515",
  "inspector":{
   "params":[
    "HasOutputData",
    "InlineOption",
    "LabelString",
    "DataLogging",
    "TestPoint",
    "Description",
    "Document"
   ],
   "values":[
    false,
    "Auto",
    "TDP_Only % Режим прицеливания на TDP\ncourseToTargetPoint = Azimut(targetPoint, currentPoint);\n%courseToTargetPoint = Heading(targetPoint, currentPoint, 0);\ndesiredCourse = courseToTargetPoint;",
    false,
    false,
    "",
    ""
   ],
   "tabs":[
    "General",
    "Logging",
    "Documentation"
   ],
   "tabs_idx":[
    0,
    3,
    5
   ]
  },
  "viewer":{
   "jshandler":"webview/handlers/ElementHandler"
  },
  "obj_viewer":[
  ],
  "finder":[
  ]
 },
 {
  "sid":"fullSystemModel:515:11",
  "className":"Stateflow.State",
  "icon":"WebViewIcon8",
  "name":"Init",
  "label":"Init",
  "parent":"fullSystemModel:515",
  "inspector":{
   "params":[
    "HasOutputData",
    "InlineOption",
    "LabelString",
    "DataLogging",
    "TestPoint",
    "Description",
    "Document"
   ],
   "values":[
    false,
    "Auto",
    "Init % Производим планирование путевых точек для сброса высоты\nentry:\n   %[Flight.Angle.Point1, Flight.Angle.Point2] = AngleManCreator(currentPoint, touchdownPoint, AngleManevr);\n   %[Flight.Box.LUPoint, Flight.Box.LDPoint, Flight.Box.RUPoint, Flight.Box.RDPoint] = BOXCreator(touchdownPoint, BoxSize);\n   Control.Flight.StepAngle.justReturnedHere = false;\n   Control.Flight.StepAngle.waiting = true;\n   initialPoint = currentPoint;",
    false,
    false,
    "",
    ""
   ],
   "tabs":[
    "General",
    "Logging",
    "Documentation"
   ],
   "tabs_idx":[
    0,
    3,
    5
   ]
  },
  "viewer":{
   "jshandler":"webview/handlers/ElementHandler"
  },
  "obj_viewer":[
  ],
  "finder":[
  ]
 },
 {
  "sid":"fullSystemModel:515:171",
  "className":"Stateflow.Transition",
  "icon":"WebViewIcon10",
  "name":"",
  "label":"[Mode == 0]",
  "parent":"fullSystemModel:515",
  "inspector":{
   "params":[
    "ExecutionOrder",
    "LabelString",
    "Description",
    "Document"
   ],
   "values":[
    1,
    "[Mode == 0]",
    "",
    ""
   ],
   "tabs":[
    "Parameter Attributes"
   ],
   "tabs_idx":0
  },
  "viewer":{
   "jshandler":"webview/handlers/ElementHandler"
  },
  "obj_viewer":[
  ],
  "finder":[
  ]
 },
 {
  "sid":"fullSystemModel:515:25",
  "className":"Stateflow.Transition",
  "icon":"WebViewIcon10",
  "name":"",
  "label":"",
  "parent":"fullSystemModel:515",
  "inspector":{
   "params":[
    "ExecutionOrder",
    "LabelString",
    "Description",
    "Document"
   ],
   "values":[
    1,
    "",
    "",
    ""
   ],
   "tabs":[
    "Parameter Attributes"
   ],
   "tabs_idx":0
  },
  "viewer":{
   "jshandler":"webview/handlers/ElementHandler"
  },
  "obj_viewer":[
  ],
  "finder":[
  ]
 },
 {
  "sid":"fullSystemModel:515:172",
  "className":"Stateflow.Transition",
  "icon":"WebViewIcon10",
  "name":"",
  "label":"[(Mode == 1 || Mode == 2) ]",
  "parent":"fullSystemModel:515",
  "inspector":{
   "params":[
    "ExecutionOrder",
    "LabelString",
    "Description",
    "Document"
   ],
   "values":[
    2,
    "[(Mode == 1 || Mode == 2) ]",
    "",
    ""
   ],
   "tabs":[
    "Parameter Attributes"
   ],
   "tabs_idx":0
  },
  "viewer":{
   "jshandler":"webview/handlers/ElementHandler"
  },
  "obj_viewer":[
  ],
  "finder":[
  ]
 },
 {
  "sid":"fullSystemModel:515:12",
  "className":"Stateflow.Transition",
  "icon":"WebViewIcon10",
  "name":"",
  "label":"",
  "parent":"fullSystemModel:515",
  "inspector":{
   "params":[
    "ExecutionOrder",
    "LabelString",
    "Description",
    "Document"
   ],
   "values":[
    1,
    "",
    "",
    ""
   ],
   "tabs":[
    "Parameter Attributes"
   ],
   "tabs_idx":0
  },
  "viewer":{
   "jshandler":"webview/handlers/ElementHandler"
  },
  "obj_viewer":[
  ],
  "finder":[
  ]
 },
 {
  "sid":"fullSystemModel:515:719",
  "className":"Stateflow.EMFunction",
  "icon":"WebViewIcon12",
  "name":"errorCourseLimit",
  "label":"errorCourseLimit",
  "parent":"fullSystemModel:515",
  "inspector":{
   "params":[
    "InlineOption",
    "LabelString",
    "Description",
    "Document"
   ],
   "values":[
    "Auto",
    "status = errorCourseLimit",
    "",
    ""
   ],
   "tabs":[
    "General",
    "Documentation"
   ],
   "tabs_idx":[
    0,
    2
   ]
  },
  "viewer":{
   "jshandler":"webview/handlers/ElementHandler"
  },
  "obj_viewer":{
   "code":"%%%%%%%%%%%%%%%%%%%%%%%%%%%%%%%%%%%%%%%%%%%%%%%%%%%%%%%%%%%%%%%%%%%%%%%%%%%\n%   errorCourseLimit - Контролирует, чтобы при маневрах потери высоты,\n%   разница курс до цели до начала маневра и после его завершения не были \n%   больше некоторого погового значения. Таким образом ограничиваем влияние\n%   бокового ветра (не даём в боковом маневре уйти далеко от ЛЗП);\n%%%%%%%%%%%%%%%%%%%%%%%%%%%%%%%%%%%%%%%%%%%%%%%%%%%%%%%%%%%%%%%%%%%%%%%%%%%\nfunction status = errorCourseLimit()\n    % centralCourse - курс до цели до начала манёвра\n    result = abs(ControlDemode(courseToTargetPoint-centralCourse));\n    if result > (25/180*pi)\n        status = 1;\n    else\n        status = 0;\n    end\nend",
   "code_sid":"fullSystemModel:515:719"
  },
  "finder":[
  ]
 },
 {
  "sid":"fullSystemModel:515:207",
  "className":"Stateflow.State",
  "icon":"WebViewIcon8",
  "name":"Timer",
  "label":"Timer",
  "parent":"fullSystemModel:515",
  "inspector":{
   "params":[
    "ExecutionOrder",
    "HasOutputData",
    "InlineOption",
    "LabelString",
    "DataLogging",
    "TestPoint",
    "Description",
    "Document"
   ],
   "values":[
    1,
    false,
    "Auto",
    "Timer\nentry:\n   time = 0;\n   BimSupply.timeout = 0;\n   Control.Flight.StepAngle.timeout = 0;\nduring:\n   time = time + 1;\n   BimSupply.timeout = TimeoutDecrement(BimSupply.timeout);\n   Control.Flight.StepAngle.timeout = TimeoutDecrement(Control.Flight.StepAngle.timeout);",
    false,
    false,
    "",
    ""
   ],
   "tabs":[
    "General",
    "Logging",
    "Documentation"
   ],
   "tabs_idx":[
    0,
    4,
    6
   ]
  },
  "viewer":{
   "jshandler":"webview/handlers/ElementHandler"
  },
  "obj_viewer":[
  ],
  "finder":[
  ]
 },
 {
  "sid":"fullSystemModel:515:727",
  "className":"Stateflow.Annotation",
  "icon":"WebViewIcon9",
  "name":"",
  "label":"Локальные:targetPoint                     - Координаты пункта назначения;touchdownPoint_Offset  - Поправка на координаты пункта назначения с учетом влияния ветра;initialPoint                       - Первая полученная координата, начало вектора ЛЗП;centralCourse                 - Курс от которого откладывается угловой маневр потери высоты;courseToTargetPoint       - Курс до пункта назначения;timeDifference                - Разность времени горизонтального и вертикального полетаTimer.time - Системное время;BimSupply.timeout                  - Таймаут на управление БИМами;BimSupply.wantEnable           - Входящее событие на включение БИМ;BimSupply.wantDisable          - Входящее событие на блокировку работы БИМ;BimSupply.parking                  - Входящее событие на окончательное отключение БИМ;BimSupply.nonBlockingMode - Входящее событие на переход в режим неблокируемого таймаутами режима работы БИМ; Control.final              - Входящее событие завершения полета;Control.cancelFinal  - Входящее событие возврат из состояния завершения полета;Control.nextStage    - Прибытие в точку targetPoint;Control.Flight.StepAngle.justReturnedHere  - Флаг-триггер подсистема переходит в состояние Wait; Control.Flight.StepAngle.waiting                   - Флаг состояния подсистемы потери высоты (true - простаивает, false - в процессе манёвра);Control.Flight.StepAngle.side                       - Флаг выбора стороны углового манёвра;Control.Flight.StepAngle.coeff                      - Коэффициент эффективности уголового манёвра;Control.Flight.StepAngle.timeout                  - Таймаут на угловые манёвры;",
  "parent":"fullSystemModel:515",
  "inspector":{
   "params":[
    "FixedHeight",
    "FixedWidth",
    "DropShadow",
    "Description",
    "Document"
   ],
   "values":[
    true,
    true,
    false,
    "",
    ""
   ],
   "tabs":[
    "General",
    "Documentation"
   ],
   "tabs_idx":[
    0,
    3
   ]
  },
  "viewer":{
   "jshandler":"webview/handlers/ElementHandler"
  },
  "obj_viewer":[
  ],
  "finder":[
  ]
 },
 {
  "sid":"fullSystemModel:515:726",
  "className":"Stateflow.Annotation",
  "icon":"WebViewIcon9",
  "name":"",
  "label":"Выходы:distanceToTarget   - Горизонтальное расстояние до точки приземления, м;timeHorizontal      - Время горизонтального полета до точки приземления, сек;timeVertical           - Время вертикального полета до точки приземления, сек;touchdownEnable - Команда на посадку;enableTargetting   - Разрешение/запрет работы БИМ;desiredCourse       - Желаемый курс полета;skipOfSetSolution - Пропуск решения подсистемы определения ветра;",
  "parent":"fullSystemModel:515",
  "inspector":{
   "params":[
    "FixedHeight",
    "FixedWidth",
    "DropShadow",
    "Description",
    "Document"
   ],
   "values":[
    true,
    true,
    false,
    "",
    ""
   ],
   "tabs":[
    "General",
    "Documentation"
   ],
   "tabs_idx":[
    0,
    3
   ]
  },
  "viewer":{
   "jshandler":"webview/handlers/ElementHandler"
  },
  "obj_viewer":[
  ],
  "finder":[
  ]
 },
 {
  "sid":"fullSystemModel:515:725",
  "className":"Stateflow.Annotation",
  "icon":"WebViewIcon9",
  "name":"",
  "label":"Входы:touchdownPoint         - Координаты точки приземления;currentPoint               - Текущие координаты;reliefAvailable            - Доступность карты рельефа местности (0 -недоступна, 1 - доступна);reliefOnTDP               - Высота рельефа над точкой приземления;relief                           - Высота рельефа в текущем местоположении;course                        - Путевой курс;velocityHorizontal       - Горизонтальная скорость полета по спутнику;velocityVertical            - Вертикальня скорость (снижения) по спутнику;risingBim                     - Триггер по переднему фронту команды БИМам; fallingBim                    - Триггер по падающему фронту команды БИМам;touchdownPointOffset - Поправка к координатам точки приземления с учетом ветра; ",
  "parent":"fullSystemModel:515",
  "inspector":{
   "params":[
    "FixedHeight",
    "FixedWidth",
    "DropShadow",
    "Description",
    "Document"
   ],
   "values":[
    true,
    true,
    false,
    "",
    ""
   ],
   "tabs":[
    "General",
    "Documentation"
   ],
   "tabs_idx":[
    0,
    3
   ]
  },
  "viewer":{
   "jshandler":"webview/handlers/ElementHandler"
  },
  "obj_viewer":[
  ],
  "finder":[
  ]
 },
 {
  "sid":"fullSystemModel:515:392",
  "className":"Stateflow.Annotation",
  "icon":"WebViewIcon9",
  "name":"",
  "label":"Final - Необходимость  перенацелиться  на точку приземления  NextStage - Изменение  целевой точки на следу- ющую, согласно алгоритму  CancelFinal - На точку  приземления выходить рано, высота избыточна   if EndOfCorrection --->>> Это условие даёт таймаут бимам с удержанием в нуле по падающему фронту команды. Но далее возникла необходимость, отличать такие фронты:Фронт окончания настройки на TDP;Фронт завершения манёвра понижения;чтобы после манёвра понижения гарантированно сразу же разворачиваться на точку, а после уже можно дать таймаут. justReturnedHere - Флаг, сообщающий о том, что алгоритм понижения только вернулся в состояние Wait; ",
  "parent":"fullSystemModel:515",
  "inspector":{
   "params":[
    "FixedHeight",
    "FixedWidth",
    "DropShadow",
    "Description",
    "Document"
   ],
   "values":[
    true,
    true,
    false,
    "",
    ""
   ],
   "tabs":[
    "General",
    "Documentation"
   ],
   "tabs_idx":[
    0,
    3
   ]
  },
  "viewer":{
   "jshandler":"webview/handlers/ElementHandler"
  },
  "obj_viewer":[
  ],
  "finder":[
  ]
 }
]