[
 {
  "sid":"fullSystemModel:866",
  "className":"Simulink.Sum",
  "icon":"WebViewIcon3",
  "name":"Sum1",
  "label":"Sum1",
  "parent":"fullSystemModel:868",
  "inspector":{
   "params":[
    "IconShape",
    "Inputs",
    "InputSameDT",
    "AccumDataTypeStr",
    "OutMin",
    "OutMax",
    "OutDataTypeStr",
    "LockScale",
    "RndMeth",
    "SaturateOnIntegerOverflow",
    "CollapseDim",
    "CollapseMode",
    "SampleTime"
   ],
   "values":[
    "round",
    "|+-",
    "off",
    "Inherit: Inherit via internal rule",
    "[]",
    "[]",
    "Inherit: Inherit via internal rule",
    "off",
    "Floor",
    "off",
    "1",
    "All dimensions",
    "-1"
   ],
   "tabs":[
    "Main",
    "Signal Attributes",
    "-Other"
   ],
   "tabs_idx":[
    0,
    2,
    10
   ]
  },
  "viewer":{
   "jshandler":"webview/handlers/ElementHandler"
  },
  "obj_viewer":[
  ],
  "finder":{
   "blocktype":"Sum",
   "masktype":""
  }
 },
 {
  "sid":"fullSystemModel:844",
  "className":"Simulink.Saturate",
  "icon":"WebViewIcon3",
  "name":"Base_Sat",
  "label":"Base_Sat",
  "parent":"fullSystemModel:868",
  "inspector":{
   "params":[
    "UpperLimit",
    "LowerLimit",
    "LinearizeAsGain",
    "OutMin",
    "OutMax",
    "OutDataTypeStr",
    "LockScale",
    "RndMeth",
    "SampleTime",
    "ZeroCross"
   ],
   "values":[
    "35",
    "-35",
    "on",
    "[]",
    "[]",
    "Inherit: Same as input",
    "off",
    "Floor",
    "-1",
    "on"
   ],
   "tabs":[
    "Main",
    "Signal Attributes",
    "-Other"
   ],
   "tabs_idx":[
    0,
    3,
    8
   ]
  },
  "viewer":{
   "jshandler":"webview/handlers/ElementHandler"
  },
  "obj_viewer":[
  ],
  "finder":{
   "blocktype":"Saturate",
   "masktype":""
  }
 },
 {
  "sid":"fullSystemModel:861",
  "className":"Simulink.Scope",
  "icon":"WebViewIcon3",
  "name":"Scope5",
  "label":"Scope5",
  "parent":"fullSystemModel:868",
  "inspector":[
  ],
  "viewer":{
   "jshandler":"webview/handlers/ElementHandler"
  },
  "obj_viewer":[
  ],
  "finder":{
   "blocktype":"Scope",
   "masktype":""
  }
 },
 {
  "sid":"fullSystemModel:862",
  "className":"Simulink.Scope",
  "icon":"WebViewIcon3",
  "name":"Scope6",
  "label":"Scope6",
  "parent":"fullSystemModel:868",
  "inspector":[
  ],
  "viewer":{
   "jshandler":"webview/handlers/ElementHandler"
  },
  "obj_viewer":[
  ],
  "finder":{
   "blocktype":"Scope",
   "masktype":""
  }
 },
 {
  "sid":"fullSystemModel:863",
  "className":"Simulink.Scope",
  "icon":"WebViewIcon3",
  "name":"Scope7",
  "label":"Scope7",
  "parent":"fullSystemModel:868",
  "inspector":[
  ],
  "viewer":{
   "jshandler":"webview/handlers/ElementHandler"
  },
  "obj_viewer":[
  ],
  "finder":{
   "blocktype":"Scope",
   "masktype":""
  }
 },
 {
  "sid":"fullSystemModel:843",
  "className":"Simulink.Gain",
  "icon":"WebViewIcon3",
  "name":"Base_Gain",
  "label":"Base_Gain",
  "parent":"fullSystemModel:868",
  "inspector":{
   "params":[
    "Gain",
    "Multiplication",
    "OutMin",
    "OutMax",
    "OutDataTypeStr",
    "LockScale",
    "RndMeth",
    "SaturateOnIntegerOverflow",
    "ParamMin",
    "ParamMax",
    "ParamDataTypeStr",
    "SampleTime"
   ],
   "values":[
    "2",
    "Element-wise(K.*u)",
    "[]",
    "[]",
    "Inherit: Inherit via internal rule",
    "off",
    "Floor",
    "off",
    "[]",
    "[]",
    "Inherit: Inherit via internal rule",
    "-1"
   ],
   "tabs":[
    "Main",
    "Signal Attributes",
    "Parameter Attributes",
    "-Other"
   ],
   "tabs_idx":[
    0,
    2,
    8,
    11
   ]
  },
  "viewer":{
   "jshandler":"webview/handlers/ElementHandler"
  },
  "obj_viewer":[
  ],
  "finder":{
   "blocktype":"Gain",
   "masktype":""
  }
 },
 {
  "sid":"fullSystemModel:864",
  "className":"Simulink.Scope",
  "icon":"WebViewIcon3",
  "name":"Scope8",
  "label":"Scope8",
  "parent":"fullSystemModel:868",
  "inspector":[
  ],
  "viewer":{
   "jshandler":"webview/handlers/ElementHandler"
  },
  "obj_viewer":[
  ],
  "finder":{
   "blocktype":"Scope",
   "masktype":""
  }
 },
 {
  "sid":"fullSystemModel:850",
  "className":"Simulink.SubSystem",
  "icon":"WebViewIcon1",
  "name":"Roughening",
  "label":"Roughening",
  "parent":"fullSystemModel:868",
  "inspector":{
   "params":[
    "ShowPortLabels",
    "Permissions",
    "TreatAsAtomicUnit",
    "MinAlgLoopOccurrences",
    "SystemSampleTime",
    "RTWSystemCode",
    "ActiveVariant",
    "ActiveVariantBlock",
    "AllowZeroVariantControls",
    "BlockChoice",
    "ErrorFcn",
    "FunctionInterfaceSpec",
    "FunctionWithSeparateData",
    "GeneratePreprocessorConditionals",
    "IsSubsystemVirtual",
    "MemberBlocks",
    "OverrideUsingVariant",
    "PermitHierarchicalResolution",
    "PropExecContextOutsideSubsystem",
    "PropagateVariantConditions",
    "RTWFcnName",
    "RTWFcnNameOpts",
    "RTWFileName",
    "RTWFileNameOpts",
    "RTWMemSecDataConstants",
    "RTWMemSecDataInternal",
    "RTWMemSecDataParameters",
    "RTWMemSecFuncExecute",
    "RTWMemSecFuncInitTerm",
    "TemplateBlock",
    "TreatAsGroupedWhenPropagatingVariantConditions",
    "Variant",
    "VariantControl"
   ],
   "values":[
    "FromPortIcon",
    "ReadWrite",
    "off",
    "off",
    "-1",
    "Auto",
    "",
    "",
    "off",
    "",
    "",
    "void_void",
    "off",
    "off",
    "on",
    "",
    "",
    "All",
    "off",
    "off",
    "",
    "Auto",
    "",
    "Auto",
    "Inherit from model",
    "Inherit from model",
    "Inherit from model",
    "Inherit from model",
    "Inherit from model",
    "",
    "on",
    "off",
    ""
   ],
   "tabs":[
    "Main",
    "Code Generation",
    "-Other"
   ],
   "tabs_idx":[
    0,
    5,
    6
   ]
  },
  "viewer":{
   "jshandler":"webview/handlers/ContainerHandler"
  },
  "obj_viewer":[
  ],
  "finder":{
   "blocktype":"SubSystem",
   "masktype":""
  }
 },
 {
  "sid":"fullSystemModel:847",
  "className":"RadiansToDegrees",
  "icon":"WebViewIcon3",
  "name":"Radians to Degrees2",
  "label":"Radians to Degrees2",
  "parent":"fullSystemModel:868",
  "inspector":{
   "params":[
    "ShowPortLabels",
    "Permissions",
    "TreatAsAtomicUnit",
    "MinAlgLoopOccurrences",
    "SystemSampleTime",
    "RTWSystemCode",
    "ActiveVariant",
    "ActiveVariantBlock",
    "AllowZeroVariantControls",
    "BlockChoice",
    "ErrorFcn",
    "FunctionInterfaceSpec",
    "FunctionWithSeparateData",
    "GeneratePreprocessorConditionals",
    "IsSubsystemVirtual",
    "MemberBlocks",
    "OverrideUsingVariant",
    "PermitHierarchicalResolution",
    "PropExecContextOutsideSubsystem",
    "PropagateVariantConditions",
    "RTWFcnName",
    "RTWFcnNameOpts",
    "RTWFileName",
    "RTWFileNameOpts",
    "RTWMemSecDataConstants",
    "RTWMemSecDataInternal",
    "RTWMemSecDataParameters",
    "RTWMemSecFuncExecute",
    "RTWMemSecFuncInitTerm",
    "TemplateBlock",
    "TreatAsGroupedWhenPropagatingVariantConditions",
    "Variant",
    "VariantControl"
   ],
   "values":[
    "FromPortIcon",
    "ReadWrite",
    "off",
    "off",
    "-1",
    "Auto",
    "",
    "",
    "off",
    "",
    "",
    "void_void",
    "off",
    "off",
    "on",
    "",
    "",
    "All",
    "off",
    "off",
    "",
    "Auto",
    "",
    "Auto",
    "Inherit from model",
    "Inherit from model",
    "Inherit from model",
    "Inherit from model",
    "Inherit from model",
    "",
    "on",
    "off",
    ""
   ],
   "tabs":[
    "Main",
    "Code Generation",
    "-Other"
   ],
   "tabs_idx":[
    0,
    5,
    6
   ]
  },
  "viewer":{
   "jshandler":"webview/handlers/ContainerHandler"
  },
  "obj_viewer":[
  ],
  "finder":{
   "blocktype":"SubSystem",
   "masktype":"RadiansToDegrees"
  }
 },
 {
  "sid":"fullSystemModel:848",
  "className":"RadiansToDegrees",
  "icon":"WebViewIcon3",
  "name":"Radians to Degrees3",
  "label":"Radians to Degrees3",
  "parent":"fullSystemModel:868",
  "inspector":{
   "params":[
    "ShowPortLabels",
    "Permissions",
    "TreatAsAtomicUnit",
    "MinAlgLoopOccurrences",
    "SystemSampleTime",
    "RTWSystemCode",
    "ActiveVariant",
    "ActiveVariantBlock",
    "AllowZeroVariantControls",
    "BlockChoice",
    "ErrorFcn",
    "FunctionInterfaceSpec",
    "FunctionWithSeparateData",
    "GeneratePreprocessorConditionals",
    "IsSubsystemVirtual",
    "MemberBlocks",
    "OverrideUsingVariant",
    "PermitHierarchicalResolution",
    "PropExecContextOutsideSubsystem",
    "PropagateVariantConditions",
    "RTWFcnName",
    "RTWFcnNameOpts",
    "RTWFileName",
    "RTWFileNameOpts",
    "RTWMemSecDataConstants",
    "RTWMemSecDataInternal",
    "RTWMemSecDataParameters",
    "RTWMemSecFuncExecute",
    "RTWMemSecFuncInitTerm",
    "TemplateBlock",
    "TreatAsGroupedWhenPropagatingVariantConditions",
    "Variant",
    "VariantControl"
   ],
   "values":[
    "FromPortIcon",
    "ReadWrite",
    "off",
    "off",
    "-1",
    "Auto",
    "",
    "",
    "off",
    "",
    "",
    "void_void",
    "off",
    "off",
    "on",
    "",
    "",
    "All",
    "off",
    "off",
    "",
    "Auto",
    "",
    "Auto",
    "Inherit from model",
    "Inherit from model",
    "Inherit from model",
    "Inherit from model",
    "Inherit from model",
    "",
    "on",
    "off",
    ""
   ],
   "tabs":[
    "Main",
    "Code Generation",
    "-Other"
   ],
   "tabs_idx":[
    0,
    5,
    6
   ]
  },
  "viewer":{
   "jshandler":"webview/handlers/ContainerHandler"
  },
  "obj_viewer":[
  ],
  "finder":{
   "blocktype":"SubSystem",
   "masktype":"RadiansToDegrees"
  }
 },
 {
  "sid":"fullSystemModel:849",
  "className":"RadiansToDegrees",
  "icon":"WebViewIcon3",
  "name":"Radians to Degrees4",
  "label":"Radians to Degrees4",
  "parent":"fullSystemModel:868",
  "inspector":{
   "params":[
    "ShowPortLabels",
    "Permissions",
    "TreatAsAtomicUnit",
    "MinAlgLoopOccurrences",
    "SystemSampleTime",
    "RTWSystemCode",
    "ActiveVariant",
    "ActiveVariantBlock",
    "AllowZeroVariantControls",
    "BlockChoice",
    "ErrorFcn",
    "FunctionInterfaceSpec",
    "FunctionWithSeparateData",
    "GeneratePreprocessorConditionals",
    "IsSubsystemVirtual",
    "MemberBlocks",
    "OverrideUsingVariant",
    "PermitHierarchicalResolution",
    "PropExecContextOutsideSubsystem",
    "PropagateVariantConditions",
    "RTWFcnName",
    "RTWFcnNameOpts",
    "RTWFileName",
    "RTWFileNameOpts",
    "RTWMemSecDataConstants",
    "RTWMemSecDataInternal",
    "RTWMemSecDataParameters",
    "RTWMemSecFuncExecute",
    "RTWMemSecFuncInitTerm",
    "TemplateBlock",
    "TreatAsGroupedWhenPropagatingVariantConditions",
    "Variant",
    "VariantControl"
   ],
   "values":[
    "FromPortIcon",
    "ReadWrite",
    "off",
    "off",
    "-1",
    "Auto",
    "",
    "",
    "off",
    "",
    "",
    "void_void",
    "off",
    "off",
    "on",
    "",
    "",
    "All",
    "off",
    "off",
    "",
    "Auto",
    "",
    "Auto",
    "Inherit from model",
    "Inherit from model",
    "Inherit from model",
    "Inherit from model",
    "Inherit from model",
    "",
    "on",
    "off",
    ""
   ],
   "tabs":[
    "Main",
    "Code Generation",
    "-Other"
   ],
   "tabs_idx":[
    0,
    5,
    6
   ]
  },
  "viewer":{
   "jshandler":"webview/handlers/ContainerHandler"
  },
  "obj_viewer":[
  ],
  "finder":{
   "blocktype":"SubSystem",
   "masktype":"RadiansToDegrees"
  }
 },
 {
  "sid":"fullSystemModel:869",
  "className":"Simulink.Inport",
  "icon":"WebViewIcon3",
  "name":"Course2Target",
  "label":"Course2Target",
  "parent":"fullSystemModel:868",
  "inspector":{
   "params":[
    "Port",
    "IconDisplay",
    "OutMin",
    "OutMax",
    "OutDataTypeStr",
    "LockScale",
    "Unit",
    "PortDimensions",
    "VarSizeSig",
    "SampleTime",
    "SignalType",
    "BusOutputAsStruct",
    "InputConnect",
    "Interpolate",
    "LatchByDelayingOutsideSignal",
    "LatchInputForFeedbackSignals",
    "OutputFunctionCall"
   ],
   "values":[
    "2",
    "Port number",
    "[]",
    "[]",
    "double",
    "off",
    "inherit",
    "1",
    "No",
    "-1",
    "real",
    "off",
    "",
    "on",
    "off",
    "off",
    "off"
   ],
   "tabs":[
    "Main",
    "Signal Attributes",
    "-Other"
   ],
   "tabs_idx":[
    0,
    2,
    11
   ]
  },
  "viewer":{
   "jshandler":"webview/handlers/ElementHandler"
  },
  "obj_viewer":[
  ],
  "finder":{
   "blocktype":"Inport",
   "masktype":""
  }
 },
 {
  "sid":"fullSystemModel:871",
  "className":"Simulink.Inport",
  "icon":"WebViewIcon3",
  "name":"TrackingCourse",
  "label":"TrackingCourse",
  "parent":"fullSystemModel:868",
  "inspector":{
   "params":[
    "Port",
    "IconDisplay",
    "OutMin",
    "OutMax",
    "OutDataTypeStr",
    "LockScale",
    "Unit",
    "PortDimensions",
    "VarSizeSig",
    "SampleTime",
    "SignalType",
    "BusOutputAsStruct",
    "InputConnect",
    "Interpolate",
    "LatchByDelayingOutsideSignal",
    "LatchInputForFeedbackSignals",
    "OutputFunctionCall"
   ],
   "values":[
    "3",
    "Port number",
    "[]",
    "[]",
    "double",
    "off",
    "inherit",
    "1",
    "No",
    "-1",
    "real",
    "off",
    "",
    "on",
    "off",
    "off",
    "off"
   ],
   "tabs":[
    "Main",
    "Signal Attributes",
    "-Other"
   ],
   "tabs_idx":[
    0,
    2,
    11
   ]
  },
  "viewer":{
   "jshandler":"webview/handlers/ElementHandler"
  },
  "obj_viewer":[
  ],
  "finder":{
   "blocktype":"Inport",
   "masktype":""
  }
 },
 {
  "sid":"fullSystemModel:872",
  "className":"Simulink.Outport",
  "icon":"WebViewIcon3",
  "name":"CMD",
  "label":"CMD",
  "parent":"fullSystemModel:868",
  "inspector":{
   "params":[
    "Port",
    "IconDisplay",
    "OutMin",
    "OutMax",
    "OutDataTypeStr",
    "LockScale",
    "Unit",
    "PortDimensions",
    "VarSizeSig",
    "SampleTime",
    "SignalType",
    "BusOutputAsStruct",
    "EnsureOutportIsVirtual",
    "InitialOutput",
    "MustResolveToSignalObject",
    "OutputWhenDisabled",
    "OutputWhenUnConnected",
    "OutputWhenUnconnectedValue",
    "SignalName",
    "SignalObject",
    "SourceOfInitialOutputValue",
    "StorageClass",
    "VectorParamsAs1DForOutWhenUnconnected"
   ],
   "values":[
    "1",
    "Port number",
    "[]",
    "[]",
    "double",
    "off",
    "inherit",
    "-1",
    "Inherit",
    "-1",
    "auto",
    "off",
    "off",
    "[]",
    "off",
    "held",
    "off",
    "0",
    "",
    [
    ],
    "Dialog",
    "Auto",
    "off"
   ],
   "tabs":[
    "Main",
    "Signal Attributes",
    "-Other"
   ],
   "tabs_idx":[
    0,
    2,
    11
   ]
  },
  "viewer":{
   "jshandler":"webview/handlers/ElementHandler"
  },
  "obj_viewer":[
  ],
  "finder":{
   "blocktype":"Outport",
   "masktype":""
  }
 },
 {
  "sid":"fullSystemModel:874",
  "className":"Simulink.Inport",
  "icon":"WebViewIcon3",
  "name":"Enable",
  "label":"Enable",
  "parent":"fullSystemModel:868",
  "inspector":{
   "params":[
    "Port",
    "IconDisplay",
    "OutMin",
    "OutMax",
    "OutDataTypeStr",
    "LockScale",
    "Unit",
    "PortDimensions",
    "VarSizeSig",
    "SampleTime",
    "SignalType",
    "BusOutputAsStruct",
    "InputConnect",
    "Interpolate",
    "LatchByDelayingOutsideSignal",
    "LatchInputForFeedbackSignals",
    "OutputFunctionCall"
   ],
   "values":[
    "1",
    "Port number",
    "[]",
    "[]",
    "uint8",
    "off",
    "inherit",
    "1",
    "No",
    "-1",
    "real",
    "off",
    "",
    "on",
    "off",
    "off",
    "off"
   ],
   "tabs":[
    "Main",
    "Signal Attributes",
    "-Other"
   ],
   "tabs_idx":[
    0,
    2,
    11
   ]
  },
  "viewer":{
   "jshandler":"webview/handlers/ElementHandler"
  },
  "obj_viewer":[
  ],
  "finder":{
   "blocktype":"Inport",
   "masktype":""
  }
 },
 {
  "sid":"fullSystemModel:875",
  "className":"Simulink.Product",
  "icon":"WebViewIcon3",
  "name":"Product",
  "label":"Product",
  "parent":"fullSystemModel:868",
  "inspector":{
   "params":[
    "Inputs",
    "Multiplication",
    "InputSameDT",
    "OutMin",
    "OutMax",
    "OutDataTypeStr",
    "LockScale",
    "RndMeth",
    "SaturateOnIntegerOverflow",
    "CollapseDim",
    "CollapseMode",
    "SampleTime"
   ],
   "values":[
    "2",
    "Element-wise(.*)",
    "off",
    "[]",
    "[]",
    "Inherit: Inherit via internal rule",
    "off",
    "Floor",
    "off",
    "1",
    "All dimensions",
    "-1"
   ],
   "tabs":[
    "Main",
    "Signal Attributes",
    "-Other"
   ],
   "tabs_idx":[
    0,
    2,
    9
   ]
  },
  "viewer":{
   "jshandler":"webview/handlers/ElementHandler"
  },
  "obj_viewer":[
  ],
  "finder":{
   "blocktype":"Product",
   "masktype":""
  }
 },
 {
  "sid":"fullSystemModel:876",
  "className":"RadiansToDegrees",
  "icon":"WebViewIcon3",
  "name":"Radians to Degrees1",
  "label":"Radians to Degrees1",
  "parent":"fullSystemModel:868",
  "inspector":{
   "params":[
    "ShowPortLabels",
    "Permissions",
    "TreatAsAtomicUnit",
    "MinAlgLoopOccurrences",
    "SystemSampleTime",
    "RTWSystemCode",
    "ActiveVariant",
    "ActiveVariantBlock",
    "AllowZeroVariantControls",
    "BlockChoice",
    "ErrorFcn",
    "FunctionInterfaceSpec",
    "FunctionWithSeparateData",
    "GeneratePreprocessorConditionals",
    "IsSubsystemVirtual",
    "MemberBlocks",
    "OverrideUsingVariant",
    "PermitHierarchicalResolution",
    "PropExecContextOutsideSubsystem",
    "PropagateVariantConditions",
    "RTWFcnName",
    "RTWFcnNameOpts",
    "RTWFileName",
    "RTWFileNameOpts",
    "RTWMemSecDataConstants",
    "RTWMemSecDataInternal",
    "RTWMemSecDataParameters",
    "RTWMemSecFuncExecute",
    "RTWMemSecFuncInitTerm",
    "TemplateBlock",
    "TreatAsGroupedWhenPropagatingVariantConditions",
    "Variant",
    "VariantControl"
   ],
   "values":[
    "FromPortIcon",
    "ReadWrite",
    "off",
    "off",
    "-1",
    "Auto",
    "",
    "",
    "off",
    "",
    "",
    "void_void",
    "off",
    "off",
    "on",
    "",
    "",
    "All",
    "off",
    "off",
    "",
    "Auto",
    "",
    "Auto",
    "Inherit from model",
    "Inherit from model",
    "Inherit from model",
    "Inherit from model",
    "Inherit from model",
    "",
    "on",
    "off",
    ""
   ],
   "tabs":[
    "Main",
    "Code Generation",
    "-Other"
   ],
   "tabs_idx":[
    0,
    5,
    6
   ]
  },
  "viewer":{
   "jshandler":"webview/handlers/ContainerHandler"
  },
  "obj_viewer":[
  ],
  "finder":{
   "blocktype":"SubSystem",
   "masktype":"RadiansToDegrees"
  }
 },
 {
  "sid":"fullSystemModel:1285",
  "className":"Simulink.Scope",
  "icon":"WebViewIcon3",
  "name":"Scope2",
  "label":"Scope2",
  "parent":"fullSystemModel:868",
  "inspector":[
  ],
  "viewer":{
   "jshandler":"webview/handlers/ElementHandler"
  },
  "obj_viewer":[
  ],
  "finder":{
   "blocktype":"Scope",
   "masktype":""
  }
 },
 {
  "sid":"fullSystemModel:1299",
  "className":"Simulink.Scope",
  "icon":"WebViewIcon3",
  "name":"Scope",
  "label":"Scope",
  "parent":"fullSystemModel:868",
  "inspector":[
  ],
  "viewer":{
   "jshandler":"webview/handlers/ElementHandler"
  },
  "obj_viewer":[
  ],
  "finder":{
   "blocktype":"Scope",
   "masktype":""
  }
 },
 {
  "sid":"fullSystemModel:1910",
  "className":"Simulink.SubSystem",
  "icon":"WebViewIcon6",
  "name":"ControlDemode",
  "label":"ControlDemode",
  "parent":"fullSystemModel:868",
  "inspector":{
   "params":[
    "ShowPortLabels",
    "Permissions",
    "TreatAsAtomicUnit",
    "MinAlgLoopOccurrences",
    "SystemSampleTime",
    "RTWSystemCode",
    "ActiveVariant",
    "ActiveVariantBlock",
    "AllowZeroVariantControls",
    "BlockChoice",
    "ErrorFcn",
    "FunctionInterfaceSpec",
    "FunctionWithSeparateData",
    "GeneratePreprocessorConditionals",
    "IsSubsystemVirtual",
    "MemberBlocks",
    "OverrideUsingVariant",
    "PermitHierarchicalResolution",
    "PropExecContextOutsideSubsystem",
    "PropagateVariantConditions",
    "RTWFcnName",
    "RTWFcnNameOpts",
    "RTWFileName",
    "RTWFileNameOpts",
    "RTWMemSecDataConstants",
    "RTWMemSecDataInternal",
    "RTWMemSecDataParameters",
    "RTWMemSecFuncExecute",
    "RTWMemSecFuncInitTerm",
    "TemplateBlock",
    "TreatAsGroupedWhenPropagatingVariantConditions",
    "Variant",
    "VariantControl"
   ],
   "values":[
    "FromPortIcon",
    "ReadWrite",
    "on",
    "off",
    "-1",
    "Auto",
    "",
    "",
    "off",
    "",
    "",
    "void_void",
    "off",
    "off",
    "off",
    "",
    "",
    "All",
    "off",
    "off",
    "",
    "Auto",
    "",
    "Auto",
    "Inherit from model",
    "Inherit from model",
    "Inherit from model",
    "Inherit from model",
    "Inherit from model",
    "",
    "on",
    "off",
    ""
   ],
   "tabs":[
    "Main",
    "Code Generation",
    "-Other"
   ],
   "tabs_idx":[
    0,
    5,
    6
   ]
  },
  "viewer":{
   "jshandler":"webview/handlers/ContainerHandler"
  },
  "obj_viewer":[
  ],
  "finder":{
   "blocktype":"SubSystem",
   "masktype":""
  }
 },
 {
  "sid":"fullSystemModel:2290",
  "className":"Simulink.SubSystem",
  "icon":"WebViewIcon12",
  "name":"MATLAB Function",
  "label":"MATLAB Function",
  "parent":"fullSystemModel:868",
  "inspector":{
   "params":[
    "ShowPortLabels",
    "Permissions",
    "TreatAsAtomicUnit",
    "MinAlgLoopOccurrences",
    "SystemSampleTime",
    "RTWSystemCode",
    "ActiveVariant",
    "ActiveVariantBlock",
    "AllowZeroVariantControls",
    "BlockChoice",
    "ErrorFcn",
    "FunctionInterfaceSpec",
    "FunctionWithSeparateData",
    "GeneratePreprocessorConditionals",
    "IsSubsystemVirtual",
    "MemberBlocks",
    "OverrideUsingVariant",
    "PermitHierarchicalResolution",
    "PropExecContextOutsideSubsystem",
    "PropagateVariantConditions",
    "RTWFcnName",
    "RTWFcnNameOpts",
    "RTWFileName",
    "RTWFileNameOpts",
    "RTWMemSecDataConstants",
    "RTWMemSecDataInternal",
    "RTWMemSecDataParameters",
    "RTWMemSecFuncExecute",
    "RTWMemSecFuncInitTerm",
    "TemplateBlock",
    "TreatAsGroupedWhenPropagatingVariantConditions",
    "Variant",
    "VariantControl"
   ],
   "values":[
    "FromPortIcon",
    "ReadWrite",
    "on",
    "off",
    "-1",
    "Auto",
    "",
    "",
    "off",
    "",
    "Stateflow.Translate.translate",
    "void_void",
    "off",
    "off",
    "off",
    "",
    "",
    "ExplicitOnly",
    "off",
    "off",
    "",
    "Auto",
    "",
    "Auto",
    "Inherit from model",
    "Inherit from model",
    "Inherit from model",
    "Inherit from model",
    "Inherit from model",
    "",
    "on",
    "off",
    ""
   ],
   "tabs":[
    "Main",
    "Code Generation",
    "-Other"
   ],
   "tabs_idx":[
    0,
    5,
    6
   ]
  },
  "viewer":{
   "jshandler":"webview/handlers/ElementHandler"
  },
  "obj_viewer":{
   "code":"function y = fcn(u)\ns = 5;\ny = u;\nif u < - s\n    y = -50;\nelseif u > s\n    y = 50;\nend\nend",
   "code_sid":"fullSystemModel:2290:1"
  },
  "finder":{
   "blocktype":"SubSystem",
   "masktype":""
  }
 },
 {
  "sid":"fullSystemModel:2312",
  "className":"Simulink.SubSystem",
  "icon":"WebViewIcon4",
  "name":"TimeNAngleTurning",
  "label":"TimeNAngleTurning",
  "parent":"fullSystemModel:868",
  "inspector":{
   "params":[
    "ShowPortLabels",
    "Permissions",
    "TreatAsAtomicUnit",
    "MinAlgLoopOccurrences",
    "SystemSampleTime",
    "RTWSystemCode",
    "ActiveVariant",
    "ActiveVariantBlock",
    "AllowZeroVariantControls",
    "BlockChoice",
    "ErrorFcn",
    "FunctionInterfaceSpec",
    "FunctionWithSeparateData",
    "GeneratePreprocessorConditionals",
    "IsSubsystemVirtual",
    "MemberBlocks",
    "OverrideUsingVariant",
    "PermitHierarchicalResolution",
    "PropExecContextOutsideSubsystem",
    "PropagateVariantConditions",
    "RTWFcnName",
    "RTWFcnNameOpts",
    "RTWFileName",
    "RTWFileNameOpts",
    "RTWMemSecDataConstants",
    "RTWMemSecDataInternal",
    "RTWMemSecDataParameters",
    "RTWMemSecFuncExecute",
    "RTWMemSecFuncInitTerm",
    "TemplateBlock",
    "TreatAsGroupedWhenPropagatingVariantConditions",
    "Variant",
    "VariantControl"
   ],
   "values":[
    "FromPortIcon",
    "ReadWrite",
    "on",
    "off",
    "1",
    "Auto",
    "",
    "",
    "off",
    "",
    "Stateflow.Translate.translate",
    "void_void",
    "off",
    "off",
    "off",
    "",
    "",
    "ExplicitOnly",
    "off",
    "off",
    "",
    "Auto",
    "",
    "Auto",
    "Inherit from model",
    "Inherit from model",
    "Inherit from model",
    "Inherit from model",
    "Inherit from model",
    "",
    "on",
    "off",
    ""
   ],
   "tabs":[
    "Main",
    "Code Generation",
    "-Other"
   ],
   "tabs_idx":[
    0,
    5,
    6
   ]
  },
  "viewer":{
   "jshandler":"webview/handlers/ContainerHandler"
  },
  "obj_viewer":[
  ],
  "finder":{
   "blocktype":"SubSystem",
   "masktype":""
  }
 },
 {
  "sid":"fullSystemModel:2313",
  "className":"Simulink.Constant",
  "icon":"WebViewIcon3",
  "name":"Constant",
  "label":"Constant",
  "parent":"fullSystemModel:868",
  "inspector":{
   "params":[
    "Value",
    "VectorParams1D",
    "SampleTime",
    "OutMin",
    "OutMax",
    "OutDataTypeStr",
    "LockScale",
    "FramePeriod"
   ],
   "values":[
    "0.14",
    "on",
    "inf",
    "[]",
    "[]",
    "Inherit: Inherit from 'Constant value'",
    "off",
    "inf"
   ],
   "tabs":[
    "Main",
    "Signal Attributes",
    "-Other"
   ],
   "tabs_idx":[
    0,
    3,
    7
   ]
  },
  "viewer":{
   "jshandler":"webview/handlers/ElementHandler"
  },
  "obj_viewer":[
  ],
  "finder":{
   "blocktype":"Constant",
   "masktype":""
  }
 },
 {
  "sid":"fullSystemModel:2314",
  "className":"Simulink.Scope",
  "icon":"WebViewIcon3",
  "name":"Scope1",
  "label":"Scope1",
  "parent":"fullSystemModel:868",
  "inspector":[
  ],
  "viewer":{
   "jshandler":"webview/handlers/ElementHandler"
  },
  "obj_viewer":[
  ],
  "finder":{
   "blocktype":"Scope",
   "masktype":""
  }
 },
 {
  "sid":"fullSystemModel:2315",
  "className":"Simulink.Scope",
  "icon":"WebViewIcon3",
  "name":"Scope3",
  "label":"Scope3",
  "parent":"fullSystemModel:868",
  "inspector":[
  ],
  "viewer":{
   "jshandler":"webview/handlers/ElementHandler"
  },
  "obj_viewer":[
  ],
  "finder":{
   "blocktype":"Scope",
   "masktype":""
  }
 },
 {
  "sid":"fullSystemModel:847#out:1",
  "className":"Simulink.Line",
  "icon":"WebViewIcon5",
  "name":"",
  "label":"",
  "parent":"fullSystemModel:868",
  "inspector":{
   "params":[
    "SignalNameFromLabel",
    "MustResolveToSignal",
    "ShowPropagatedSignal",
    "DataLogging",
    "TestPoint",
    "SignalObjectPackage",
    "StorageClass",
    "Description",
    "documentLink"
   ],
   "values":[
    "",
    "off",
    "off",
    "off",
    "off",
    "Simulink",
    "Auto",
    "",
    ""
   ],
   "tabs":[
    "Parameter Attributes",
    "Logging and Accessibility",
    "Code Generation",
    "Documentation"
   ],
   "tabs_idx":[
    0,
    3,
    5,
    7
   ]
  },
  "viewer":{
   "jshandler":"webview/handlers/ElementHandler"
  },
  "obj_viewer":[
  ],
  "finder":[
  ]
 },
 {
  "sid":"fullSystemModel:866#out:1",
  "className":"Simulink.Line",
  "icon":"WebViewIcon5",
  "name":"",
  "label":"",
  "parent":"fullSystemModel:868",
  "inspector":{
   "params":[
    "SignalNameFromLabel",
    "MustResolveToSignal",
    "ShowPropagatedSignal",
    "DataLogging",
    "TestPoint",
    "SignalObjectPackage",
    "StorageClass",
    "Description",
    "documentLink"
   ],
   "values":[
    "",
    "off",
    "off",
    "off",
    "off",
    "Simulink",
    "Auto",
    "",
    ""
   ],
   "tabs":[
    "Parameter Attributes",
    "Logging and Accessibility",
    "Code Generation",
    "Documentation"
   ],
   "tabs_idx":[
    0,
    3,
    5,
    7
   ]
  },
  "viewer":{
   "jshandler":"webview/handlers/ElementHandler"
  },
  "obj_viewer":[
  ],
  "finder":[
  ]
 },
 {
  "sid":"fullSystemModel:848#out:1",
  "className":"Simulink.Line",
  "icon":"WebViewIcon5",
  "name":"",
  "label":"",
  "parent":"fullSystemModel:868",
  "inspector":{
   "params":[
    "SignalNameFromLabel",
    "MustResolveToSignal",
    "ShowPropagatedSignal",
    "DataLogging",
    "TestPoint",
    "SignalObjectPackage",
    "StorageClass",
    "Description",
    "documentLink"
   ],
   "values":[
    "",
    "off",
    "off",
    "off",
    "off",
    "Simulink",
    "Auto",
    "",
    ""
   ],
   "tabs":[
    "Parameter Attributes",
    "Logging and Accessibility",
    "Code Generation",
    "Documentation"
   ],
   "tabs_idx":[
    0,
    3,
    5,
    7
   ]
  },
  "viewer":{
   "jshandler":"webview/handlers/ElementHandler"
  },
  "obj_viewer":[
  ],
  "finder":[
  ]
 },
 {
  "sid":"fullSystemModel:844#out:1",
  "className":"Simulink.Line",
  "icon":"WebViewIcon5",
  "name":"",
  "label":"",
  "parent":"fullSystemModel:868",
  "inspector":{
   "params":[
    "SignalNameFromLabel",
    "MustResolveToSignal",
    "ShowPropagatedSignal",
    "DataLogging",
    "TestPoint",
    "SignalObjectPackage",
    "StorageClass",
    "Description",
    "documentLink"
   ],
   "values":[
    "",
    "off",
    "off",
    "off",
    "off",
    "Simulink",
    "Auto",
    "",
    ""
   ],
   "tabs":[
    "Parameter Attributes",
    "Logging and Accessibility",
    "Code Generation",
    "Documentation"
   ],
   "tabs_idx":[
    0,
    3,
    5,
    7
   ]
  },
  "viewer":{
   "jshandler":"webview/handlers/ElementHandler"
  },
  "obj_viewer":[
  ],
  "finder":[
  ]
 },
 {
  "sid":"fullSystemModel:849#out:1",
  "className":"Simulink.Line",
  "icon":"WebViewIcon5",
  "name":"errorDeg",
  "label":"errorDeg",
  "parent":"fullSystemModel:868",
  "inspector":{
   "params":[
    "SignalNameFromLabel",
    "MustResolveToSignal",
    "ShowPropagatedSignal",
    "DataLogging",
    "TestPoint",
    "SignalObjectPackage",
    "StorageClass",
    "Description",
    "documentLink"
   ],
   "values":[
    "errorDeg",
    "off",
    "off",
    "on",
    "off",
    "Simulink",
    "Auto",
    "",
    ""
   ],
   "tabs":[
    "Parameter Attributes",
    "Logging and Accessibility",
    "Code Generation",
    "Documentation"
   ],
   "tabs_idx":[
    0,
    3,
    5,
    7
   ]
  },
  "viewer":{
   "jshandler":"webview/handlers/ElementHandler"
  },
  "obj_viewer":[
  ],
  "finder":[
  ]
 },
 {
  "sid":"fullSystemModel:843#out:1",
  "className":"Simulink.Line",
  "icon":"WebViewIcon5",
  "name":"",
  "label":"",
  "parent":"fullSystemModel:868",
  "inspector":{
   "params":[
    "SignalNameFromLabel",
    "MustResolveToSignal",
    "ShowPropagatedSignal",
    "DataLogging",
    "TestPoint",
    "SignalObjectPackage",
    "StorageClass",
    "Description",
    "documentLink"
   ],
   "values":[
    "",
    "off",
    "off",
    "off",
    "off",
    "Simulink",
    "Auto",
    "",
    ""
   ],
   "tabs":[
    "Parameter Attributes",
    "Logging and Accessibility",
    "Code Generation",
    "Documentation"
   ],
   "tabs_idx":[
    0,
    3,
    5,
    7
   ]
  },
  "viewer":{
   "jshandler":"webview/handlers/ElementHandler"
  },
  "obj_viewer":[
  ],
  "finder":[
  ]
 },
 {
  "sid":"fullSystemModel:869#out:1",
  "className":"Simulink.Line",
  "icon":"WebViewIcon5",
  "name":"",
  "label":"",
  "parent":"fullSystemModel:868",
  "inspector":{
   "params":[
    "SignalNameFromLabel",
    "MustResolveToSignal",
    "ShowPropagatedSignal",
    "DataLogging",
    "TestPoint",
    "SignalObjectPackage",
    "StorageClass",
    "Description",
    "documentLink"
   ],
   "values":[
    "",
    "off",
    "off",
    "off",
    "off",
    "Simulink",
    "Auto",
    "",
    ""
   ],
   "tabs":[
    "Parameter Attributes",
    "Logging and Accessibility",
    "Code Generation",
    "Documentation"
   ],
   "tabs_idx":[
    0,
    3,
    5,
    7
   ]
  },
  "viewer":{
   "jshandler":"webview/handlers/ElementHandler"
  },
  "obj_viewer":[
  ],
  "finder":[
  ]
 },
 {
  "sid":"fullSystemModel:875#out:1",
  "className":"Simulink.Line",
  "icon":"WebViewIcon5",
  "name":"command",
  "label":"command",
  "parent":"fullSystemModel:868",
  "inspector":{
   "params":[
    "SignalNameFromLabel",
    "MustResolveToSignal",
    "ShowPropagatedSignal",
    "DataLogging",
    "TestPoint",
    "SignalObjectPackage",
    "StorageClass",
    "Description",
    "documentLink"
   ],
   "values":[
    "command",
    "off",
    "off",
    "off",
    "off",
    "Simulink",
    "Auto",
    "",
    ""
   ],
   "tabs":[
    "Parameter Attributes",
    "Logging and Accessibility",
    "Code Generation",
    "Documentation"
   ],
   "tabs_idx":[
    0,
    3,
    5,
    7
   ]
  },
  "viewer":{
   "jshandler":"webview/handlers/ElementHandler"
  },
  "obj_viewer":[
  ],
  "finder":[
  ]
 },
 {
  "sid":"fullSystemModel:871#out:1",
  "className":"Simulink.Line",
  "icon":"WebViewIcon5",
  "name":"",
  "label":"",
  "parent":"fullSystemModel:868",
  "inspector":{
   "params":[
    "SignalNameFromLabel",
    "MustResolveToSignal",
    "ShowPropagatedSignal",
    "DataLogging",
    "TestPoint",
    "SignalObjectPackage",
    "StorageClass",
    "Description",
    "documentLink"
   ],
   "values":[
    "",
    "off",
    "off",
    "off",
    "off",
    "Simulink",
    "Auto",
    "",
    ""
   ],
   "tabs":[
    "Parameter Attributes",
    "Logging and Accessibility",
    "Code Generation",
    "Documentation"
   ],
   "tabs_idx":[
    0,
    3,
    5,
    7
   ]
  },
  "viewer":{
   "jshandler":"webview/handlers/ElementHandler"
  },
  "obj_viewer":[
  ],
  "finder":[
  ]
 },
 {
  "sid":"fullSystemModel:874#out:1",
  "className":"Simulink.Line",
  "icon":"WebViewIcon5",
  "name":"enable",
  "label":"enable",
  "parent":"fullSystemModel:868",
  "inspector":{
   "params":[
    "SignalNameFromLabel",
    "MustResolveToSignal",
    "ShowPropagatedSignal",
    "DataLogging",
    "TestPoint",
    "SignalObjectPackage",
    "StorageClass",
    "Description",
    "documentLink"
   ],
   "values":[
    "enable",
    "off",
    "off",
    "off",
    "off",
    "Simulink",
    "Auto",
    "",
    ""
   ],
   "tabs":[
    "Parameter Attributes",
    "Logging and Accessibility",
    "Code Generation",
    "Documentation"
   ],
   "tabs_idx":[
    0,
    3,
    5,
    7
   ]
  },
  "viewer":{
   "jshandler":"webview/handlers/ElementHandler"
  },
  "obj_viewer":[
  ],
  "finder":[
  ]
 },
 {
  "sid":"fullSystemModel:850#out:1",
  "className":"Simulink.Line",
  "icon":"WebViewIcon5",
  "name":"rougheningError",
  "label":"rougheningError",
  "parent":"fullSystemModel:868",
  "inspector":{
   "params":[
    "SignalNameFromLabel",
    "MustResolveToSignal",
    "ShowPropagatedSignal",
    "DataLogging",
    "TestPoint",
    "SignalObjectPackage",
    "StorageClass",
    "Description",
    "documentLink"
   ],
   "values":[
    "rougheningError",
    "off",
    "off",
    "off",
    "off",
    "Simulink",
    "Auto",
    "",
    ""
   ],
   "tabs":[
    "Parameter Attributes",
    "Logging and Accessibility",
    "Code Generation",
    "Documentation"
   ],
   "tabs_idx":[
    0,
    3,
    5,
    7
   ]
  },
  "viewer":{
   "jshandler":"webview/handlers/ElementHandler"
  },
  "obj_viewer":[
  ],
  "finder":[
  ]
 },
 {
  "sid":"fullSystemModel:876#out:1",
  "className":"Simulink.Line",
  "icon":"WebViewIcon5",
  "name":"",
  "label":"",
  "parent":"fullSystemModel:868",
  "inspector":{
   "params":[
    "SignalNameFromLabel",
    "MustResolveToSignal",
    "ShowPropagatedSignal",
    "DataLogging",
    "TestPoint",
    "SignalObjectPackage",
    "StorageClass",
    "Description",
    "documentLink"
   ],
   "values":[
    "",
    "off",
    "off",
    "off",
    "off",
    "Simulink",
    "Auto",
    "",
    ""
   ],
   "tabs":[
    "Parameter Attributes",
    "Logging and Accessibility",
    "Code Generation",
    "Documentation"
   ],
   "tabs_idx":[
    0,
    3,
    5,
    7
   ]
  },
  "viewer":{
   "jshandler":"webview/handlers/ElementHandler"
  },
  "obj_viewer":[
  ],
  "finder":[
  ]
 },
 {
  "sid":"fullSystemModel:1910#out:1",
  "className":"Simulink.Line",
  "icon":"WebViewIcon5",
  "name":"errorRad",
  "label":"errorRad",
  "parent":"fullSystemModel:868",
  "inspector":{
   "params":[
    "SignalNameFromLabel",
    "MustResolveToSignal",
    "ShowPropagatedSignal",
    "DataLogging",
    "TestPoint",
    "SignalObjectPackage",
    "StorageClass",
    "Description",
    "documentLink"
   ],
   "values":[
    "errorRad",
    "off",
    "off",
    "on",
    "off",
    "Simulink",
    "Auto",
    "",
    ""
   ],
   "tabs":[
    "Parameter Attributes",
    "Logging and Accessibility",
    "Code Generation",
    "Documentation"
   ],
   "tabs_idx":[
    0,
    3,
    5,
    7
   ]
  },
  "viewer":{
   "jshandler":"webview/handlers/ElementHandler"
  },
  "obj_viewer":[
  ],
  "finder":[
  ]
 },
 {
  "sid":"fullSystemModel:2313#out:1",
  "className":"Simulink.Line",
  "icon":"WebViewIcon5",
  "name":"",
  "label":"",
  "parent":"fullSystemModel:868",
  "inspector":{
   "params":[
    "SignalNameFromLabel",
    "MustResolveToSignal",
    "ShowPropagatedSignal",
    "DataLogging",
    "TestPoint",
    "SignalObjectPackage",
    "StorageClass",
    "Description",
    "documentLink"
   ],
   "values":[
    "",
    "off",
    "off",
    "off",
    "off",
    "Simulink",
    "Auto",
    "",
    ""
   ],
   "tabs":[
    "Parameter Attributes",
    "Logging and Accessibility",
    "Code Generation",
    "Documentation"
   ],
   "tabs_idx":[
    0,
    3,
    5,
    7
   ]
  },
  "viewer":{
   "jshandler":"webview/handlers/ElementHandler"
  },
  "obj_viewer":[
  ],
  "finder":[
  ]
 }
]