[
 {
  "sid":"fullSystemModel:2340:85:18",
  "className":"Stateflow.State",
  "icon":"WebViewIcon8",
  "name":"Triggers",
  "label":"Triggers",
  "parent":"fullSystemModel:2340:85",
  "inspector":{
   "params":[
    "HasOutputData",
    "InlineOption",
    "LabelString",
    "DataLogging",
    "TestPoint",
    "Description",
    "Document"
   ],
   "values":[
    false,
    "Auto",
    "Triggers\n\n",
    false,
    false,
    "",
    ""
   ],
   "tabs":[
    "General",
    "Logging",
    "Documentation"
   ],
   "tabs_idx":[
    0,
    3,
    5
   ]
  },
  "viewer":{
   "jshandler":"webview/handlers/ElementHandler"
  },
  "obj_viewer":[
  ],
  "finder":[
  ]
 },
 {
  "sid":"fullSystemModel:2340:85:29",
  "className":"Stateflow.State",
  "icon":"WebViewIcon8",
  "name":"RemeberLastState",
  "label":"RemeberLastState",
  "parent":"fullSystemModel:2340:85",
  "inspector":{
   "params":[
    "ExecutionOrder",
    "HasOutputData",
    "InlineOption",
    "LabelString",
    "DataLogging",
    "TestPoint",
    "Description",
    "Document"
   ],
   "values":[
    3,
    false,
    "Auto",
    "RemeberLastState\nLastLineState = Line;",
    false,
    false,
    "",
    ""
   ],
   "tabs":[
    "General",
    "Logging",
    "Documentation"
   ],
   "tabs_idx":[
    0,
    4,
    6
   ]
  },
  "viewer":{
   "jshandler":"webview/handlers/ElementHandler"
  },
  "obj_viewer":[
  ],
  "finder":[
  ]
 },
 {
  "sid":"fullSystemModel:2340:85:21",
  "className":"Stateflow.State",
  "icon":"WebViewIcon8",
  "name":"EnabledTrigger1",
  "label":"EnabledTrigger1",
  "parent":"fullSystemModel:2340:85",
  "inspector":{
   "params":[
    "ExecutionOrder",
    "HasOutputData",
    "InlineOption",
    "LabelString",
    "DataLogging",
    "TestPoint",
    "Description",
    "Document"
   ],
   "values":[
    2,
    false,
    "Auto",
    "EnabledTrigger1\nif LastLineState == 0 && Line > 0\n    Enabled = true;\nelseif LastLineState == 0 && Line < 0\n    Enabled = true;\nelse\n    Enabled = false;\nend",
    false,
    false,
    "",
    ""
   ],
   "tabs":[
    "General",
    "Logging",
    "Documentation"
   ],
   "tabs_idx":[
    0,
    4,
    6
   ]
  },
  "viewer":{
   "jshandler":"webview/handlers/ElementHandler"
  },
  "obj_viewer":[
  ],
  "finder":[
  ]
 },
 {
  "sid":"fullSystemModel:2340:85:19",
  "className":"Stateflow.State",
  "icon":"WebViewIcon8",
  "name":"DisabledTrigger",
  "label":"DisabledTrigger",
  "parent":"fullSystemModel:2340:85",
  "inspector":{
   "params":[
    "ExecutionOrder",
    "HasOutputData",
    "InlineOption",
    "LabelString",
    "DataLogging",
    "TestPoint",
    "Description",
    "Document"
   ],
   "values":[
    1,
    false,
    "Auto",
    "DisabledTrigger\nif LastLineState > 0 && Line <=0\n    Disabled = true;\nelseif LastLineState < 0 && Line >=0\n    Disabled = true;\nelse\n    Disabled = false;\nend\n",
    false,
    false,
    "",
    ""
   ],
   "tabs":[
    "General",
    "Logging",
    "Documentation"
   ],
   "tabs_idx":[
    0,
    4,
    6
   ]
  },
  "viewer":{
   "jshandler":"webview/handlers/ElementHandler"
  },
  "obj_viewer":[
  ],
  "finder":[
  ]
 }
]