[
 {
  "sid":"fullSystemModel:2312:5",
  "className":"Stateflow.State",
  "icon":"WebViewIcon8",
  "name":"StrapAction",
  "label":"StrapAction",
  "parent":"fullSystemModel:2312",
  "inspector":{
   "params":[
    "HasOutputData",
    "InlineOption",
    "LabelString",
    "DataLogging",
    "TestPoint",
    "Description",
    "Document"
   ],
   "values":[
    false,
    "Auto",
    "StrapAction\nentry:\n   StrapPosition = FixedStrapPosition;\nduring:\n   if StrapSecond > 0\n       StrapSecond = StrapSecond - 1;\n   end\n",
    false,
    false,
    "",
    ""
   ],
   "tabs":[
    "General",
    "Logging",
    "Documentation"
   ],
   "tabs_idx":[
    0,
    3,
    5
   ]
  },
  "viewer":{
   "jshandler":"webview/handlers/ElementHandler"
  },
  "obj_viewer":[
  ],
  "finder":[
  ]
 },
 {
  "sid":"fullSystemModel:2312:3",
  "className":"Stateflow.State",
  "icon":"WebViewIcon8",
  "name":"Prepare",
  "label":"Prepare",
  "parent":"fullSystemModel:2312",
  "inspector":{
   "params":[
    "HasOutputData",
    "InlineOption",
    "LabelString",
    "DataLogging",
    "TestPoint",
    "Description",
    "Document"
   ],
   "values":[
    false,
    "Auto",
    "Prepare\nentry:\n   StrapSecond = 0;\n   Error = 0;\n   FixedStrapPosition = 0;\n   StrapPosition = 0;\nduring:\n   Error = abs(AngleError);\n   if Enable == 1\n       if Error > 5\n           StrapSecond = uint16(Error/(abs(StrapLimit)*TurnSpeed));\n           FixedStrapPosition = StrapLimit;\n           Action;\n       end\n   end\n",
    false,
    false,
    "",
    ""
   ],
   "tabs":[
    "General",
    "Logging",
    "Documentation"
   ],
   "tabs_idx":[
    0,
    3,
    5
   ]
  },
  "viewer":{
   "jshandler":"webview/handlers/ElementHandler"
  },
  "obj_viewer":[
  ],
  "finder":[
  ]
 },
 {
  "sid":"fullSystemModel:2312:23",
  "className":"Stateflow.Transition",
  "icon":"WebViewIcon10",
  "name":"",
  "label":"[Enable == 0]",
  "parent":"fullSystemModel:2312",
  "inspector":{
   "params":[
    "ExecutionOrder",
    "LabelString",
    "Description",
    "Document"
   ],
   "values":[
    2,
    "[Enable == 0]",
    "",
    ""
   ],
   "tabs":[
    "Parameter Attributes"
   ],
   "tabs_idx":0
  },
  "viewer":{
   "jshandler":"webview/handlers/ElementHandler"
  },
  "obj_viewer":[
  ],
  "finder":[
  ]
 },
 {
  "sid":"fullSystemModel:2312:10",
  "className":"Stateflow.Transition",
  "icon":"WebViewIcon10",
  "name":"",
  "label":"[StrapSecond == 0] {StrapPosition = 0;}",
  "parent":"fullSystemModel:2312",
  "inspector":{
   "params":[
    "ExecutionOrder",
    "LabelString",
    "Description",
    "Document"
   ],
   "values":[
    1,
    "[StrapSecond == 0]\n{StrapPosition = 0;}",
    "",
    ""
   ],
   "tabs":[
    "Parameter Attributes"
   ],
   "tabs_idx":0
  },
  "viewer":{
   "jshandler":"webview/handlers/ElementHandler"
  },
  "obj_viewer":[
  ],
  "finder":[
  ]
 },
 {
  "sid":"fullSystemModel:2312:4",
  "className":"Stateflow.Transition",
  "icon":"WebViewIcon10",
  "name":"",
  "label":"",
  "parent":"fullSystemModel:2312",
  "inspector":{
   "params":[
    "ExecutionOrder",
    "LabelString",
    "Description",
    "Document"
   ],
   "values":[
    1,
    "",
    "",
    ""
   ],
   "tabs":[
    "Parameter Attributes"
   ],
   "tabs_idx":0
  },
  "viewer":{
   "jshandler":"webview/handlers/ElementHandler"
  },
  "obj_viewer":[
  ],
  "finder":[
  ]
 },
 {
  "sid":"fullSystemModel:2312:7",
  "className":"Stateflow.Transition",
  "icon":"WebViewIcon10",
  "name":"",
  "label":"Action",
  "parent":"fullSystemModel:2312",
  "inspector":{
   "params":[
    "ExecutionOrder",
    "LabelString",
    "Description",
    "Document"
   ],
   "values":[
    1,
    "Action",
    "",
    ""
   ],
   "tabs":[
    "Parameter Attributes"
   ],
   "tabs_idx":0
  },
  "viewer":{
   "jshandler":"webview/handlers/ElementHandler"
  },
  "obj_viewer":[
  ],
  "finder":[
  ]
 }
]