[
 {
  "hid":1,
  "sid":"fullSystemModel",
  "esid":"",
  "parent":0,
  "children":[
   2
  ],
  "name":"fullSystemModel",
  "fullname":"fullSystemModel",
  "label":"fullSystemModel",
  "icon":"WebViewIcon0",
  "sameAsElement":false
 },
 {
  "hid":2,
  "sid":"fullSystemModel:9",
  "esid":"fullSystemModel:9",
  "parent":1,
  "children":[
   3,
   5,
   14,
   15,
   16,
   17,
   18,
   19,
   28,
   29
  ],
  "name":"flightController",
  "fullname":"fullSystemModel/flightController",
  "label":"flightController",
  "icon":"WebViewIcon1",
  "svg":"support/slwebview_files/fullSystemModel_9_d.svg",
  "thumbnail":"support/slwebview_files/fullSystemModel_9_d.png",
  "backingUrl":"support/slwebview_files/fullSystemModel_9_d.json",
  "elements":[
   ":672",
   ":2281",
   ":2268",
   ":2269",
   ":2271",
   ":2597",
   ":11",
   ":10",
   ":12",
   ":43",
   ":515",
   ":603",
   ":619",
   ":620",
   ":669",
   ":670",
   ":671",
   ":673",
   ":674",
   ":675",
   ":676",
   ":678",
   ":679",
   ":681",
   ":690",
   ":691",
   ":692",
   ":721",
   ":722",
   ":723",
   ":868",
   ":951",
   ":983",
   ":984",
   ":985",
   ":1866",
   ":2171",
   ":2172",
   ":2181",
   ":2183",
   ":2184",
   ":2205",
   ":2206",
   ":2207",
   ":2208",
   ":2209",
   ":2210",
   ":2211",
   ":2212",
   ":2213",
   ":2214",
   ":2215",
   ":2218",
   ":2219",
   ":2220",
   ":2229",
   ":2230",
   ":2236",
   ":2237",
   ":2238",
   ":2239",
   ":2261",
   ":2264",
   ":2265",
   ":2266",
   ":2267",
   ":2273",
   ":2274",
   ":2272",
   ":2282",
   ":2328",
   ":2333",
   ":2356",
   ":2577",
   ":2578",
   ":2579",
   ":2590",
   ":2596",
   ":2598",
   ":2599",
   ":2603",
   ":2611",
   ":2614",
   ":2615",
   ":2616",
   ":2621",
   ":2629",
   ":2631",
   ":2632",
   ":2633",
   ":2635",
   ":2639",
   ":2641",
   ":2643",
   ":2644",
   ":2646",
   ":2648",
   ":2649",
   ":2652",
   ":2654",
   ":2657",
   ":2658",
   ":2659",
   ":2677",
   ":2691",
   ":2699",
   ":2709",
   ":2710",
   ":671#out:1",
   ":679#out:1",
   ":515#out:4",
   ":603#out:1",
   ":681#out:1",
   ":692#out:1",
   ":723#out:1",
   ":868#out:1",
   ":515#out:5",
   ":515#out:1",
   ":515#out:2",
   ":515#out:3",
   ":515#out:6",
   ":2181#out:1",
   ":2183#out:2",
   ":2184#out:1",
   ":2183#out:1",
   ":2207#out:1",
   ":2212#out:1",
   ":2213#out:1",
   ":2220#out:1",
   ":2229#out:1",
   ":2272#out:1",
   ":675#out:1",
   ":2282#out:1",
   ":2356#out:1",
   ":2356#out:2",
   ":2356#out:3",
   ":2171#out:1",
   ":2171#out:2",
   ":2171#out:3",
   ":2577#out:1",
   ":2599#out:1",
   ":2236#out:1",
   ":2237#out:1",
   ":2238#out:1",
   ":2616#out:1",
   ":2621#out:1",
   ":2629#out:1",
   ":2239#out:1",
   ":620#out:1",
   ":12#out:1",
   ":2579#out:1",
   ":2603#out:1",
   ":2632#out:1",
   ":2632#out:2",
   ":2631#out:1",
   ":2632#out:3",
   ":2633#out:1",
   ":2633#out:2",
   ":2633#out:3",
   ":2635#out:1",
   ":1866#out:2",
   ":1866#out:3",
   ":1866#out:1",
   ":2639#out:1",
   ":2643#out:1",
   ":2643#out:3",
   ":10#out:1",
   ":2643#out:2",
   ":2614#out:1",
   ":2644#out:2",
   ":2644#out:3",
   ":2644#out:1",
   ":2646#out:3",
   ":11#out:1",
   ":2646#out:2",
   ":2646#out:1",
   ":2590#out:1",
   ":2641#out:1",
   ":2648#out:1",
   ":2648#out:2",
   ":2648#out:3",
   ":2648#out:4",
   ":2648#out:5",
   ":2648#out:6",
   ":2611#out:1",
   ":2649#out:1",
   ":2652#out:1",
   ":2654#out:1",
   ":2654#out:2",
   ":2654#out:3",
   ":2654#out:4",
   ":2654#out:5",
   ":2654#out:6",
   ":2261#out:4",
   ":2261#out:3",
   ":2261#out:2",
   ":2261#out:1",
   ":951#out:1",
   ":2657#out:1",
   ":2615#out:1",
   ":2658#out:1",
   ":619#out:1",
   ":2659#out:1",
   ":2677#out:1",
   ":2648#out:7",
   ":2356#out:4",
   ":2356#out:5",
   ":2691#out:1",
   ":2691#out:2",
   ":2171#out:4",
   ":2183#out:3",
   ":2699#out:1",
   ":2699#out:2"
  ],
  "sameAsElement":true
 },
 {
  "hid":3,
  "sid":"fullSystemModel:2172",
  "esid":"fullSystemModel:2172",
  "parent":2,
  "children":[
   4
  ],
  "name":"BimControllaNDriftCalc",
  "fullname":"fullSystemModel/flightController/BimControllaNDriftCalc",
  "label":"BimControllaNDriftCalc",
  "icon":"WebViewIcon1",
  "svg":"support/slwebview_files/fullSystemModel_2172_d.svg",
  "thumbnail":"support/slwebview_files/fullSystemModel_2172_d.png",
  "backingUrl":"support/slwebview_files/fullSystemModel_2172_d.json",
  "elements":[
   ":1971",
   ":1993",
   ":1995",
   ":1996",
   ":1998",
   ":1999",
   ":2003",
   ":2173",
   ":2174",
   ":2175",
   ":2176",
   ":2178",
   ":2179",
   ":2180",
   ":2191",
   ":2217",
   ":2221",
   ":2222",
   ":2295",
   ":2319",
   ":2320",
   ":1971#out:2",
   ":1971#out:1",
   ":1999#out:1",
   ":1993#out:2",
   ":1996#out:1",
   ":1995#out:1",
   ":1993#out:1",
   ":2173#out:1",
   ":2174#out:1",
   ":2175#out:1",
   ":2176#out:1",
   ":1998#out:1",
   ":2191#out:1",
   ":2217#out:1",
   ":2222#out:1",
   ":2221#out:1",
   ":2319#out:1",
   ":2320#out:1"
  ],
  "sameAsElement":true
 },
 {
  "hid":4,
  "sid":"BupSimulinkLibraries:89",
  "esid":"fullSystemModel:1993",
  "parent":3,
  "children":[
  ],
  "name":"DriftEstimator",
  "fullname":"fullSystemModel/flightController/BimControllaNDriftCalc/DriftEstimator",
  "label":"DriftEstimator",
  "icon":"WebViewIcon4",
  "svg":"support/slwebview_files/BupSimulinkLibraries_89_d.svg",
  "thumbnail":"support/slwebview_files/BupSimulinkLibraries_89_d.png",
  "backingUrl":"support/slwebview_files/BupSimulinkLibraries_89_d.json",
  "elements":[
   ":89:45",
   ":89:40",
   ":89:23",
   ":89:33",
   ":89:36",
   ":89:43",
   ":89:24",
   ":89:50",
   ":89:49",
   ":89:39",
   ":89:42",
   ":89:37",
   ":89:22",
   ":89:32",
   ":89:31",
   ":89:21",
   ":89:41",
   ":89:55",
   ":89:38",
   ":89:44",
   ":89:34"
  ],
  "sameAsElement":false
 },
 {
  "hid":5,
  "sid":"fullSystemModel:1866",
  "esid":"fullSystemModel:1866",
  "parent":2,
  "children":[
   6,
   11
  ],
  "name":"DataAnalyzer",
  "fullname":"fullSystemModel/flightController/DataAnalyzer",
  "label":"DataAnalyzer",
  "icon":"WebViewIcon1",
  "svg":"support/slwebview_files/fullSystemModel_1866_d.svg",
  "thumbnail":"support/slwebview_files/fullSystemModel_1866_d.png",
  "backingUrl":"support/slwebview_files/fullSystemModel_1866_d.json",
  "elements":[
   ":1880",
   ":1892",
   ":1877",
   ":1868",
   ":1869",
   ":1906",
   ":1907",
   ":1908",
   ":1903",
   ":1904",
   ":1905",
   ":1878",
   ":1879",
   ":1870",
   ":1871",
   ":1900",
   ":1901",
   ":2240",
   ":2655",
   ":2656",
   ":1877#out:1",
   ":1880#out:1",
   ":1869#out:1",
   ":1868#out:1",
   ":1892#out:1",
   ":1892#out:2",
   ":1900#out:1",
   ":1870#out:1",
   ":1901#out:1",
   ":1871#out:1",
   ":2240#out:1",
   ":2655#out:1",
   ":2656#out:1"
  ],
  "sameAsElement":true
 },
 {
  "hid":6,
  "sid":"fullSystemModel:1880",
  "esid":"fullSystemModel:1880",
  "parent":5,
  "children":[
   7,
   8,
   9,
   10
  ],
  "name":"InternalTrackingCourse",
  "fullname":"fullSystemModel/flightController/DataAnalyzer/InternalTrackingCourse",
  "label":"InternalTrackingCourse",
  "icon":"WebViewIcon1",
  "svg":"support/slwebview_files/fullSystemModel_1880_d.svg",
  "thumbnail":"support/slwebview_files/fullSystemModel_1880_d.png",
  "backingUrl":"support/slwebview_files/fullSystemModel_1880_d.json",
  "elements":[
   ":1887",
   ":1889",
   ":1890",
   ":1881",
   ":1891",
   ":1888",
   ":1884",
   ":1885",
   ":1882",
   ":1883",
   ":1886",
   ":1928",
   ":1929",
   ":1883#out:1",
   ":1882#out:1",
   ":1887#out:1",
   ":1886#out:1",
   ":1881#out:1",
   ":1928#out:1",
   ":1929#out:1"
  ],
  "sameAsElement":true
 },
 {
  "hid":7,
  "sid":"fullSystemModel:1882",
  "esid":"fullSystemModel:1882",
  "parent":6,
  "children":[
  ],
  "name":"Azimuth",
  "fullname":"fullSystemModel/flightController/DataAnalyzer/InternalTrackingCourse/Azimuth",
  "label":"Azimuth",
  "icon":"WebViewIcon6",
  "svg":"support/slwebview_files/fullSystemModel_1882_d.svg",
  "thumbnail":"support/slwebview_files/fullSystemModel_1882_d.png",
  "backingUrl":"support/slwebview_files/fullSystemModel_1882_d.json",
  "elements":[
   ":1882:13",
   ":1882:15",
   ":1882:16",
   ":1882:17",
   ":1882:13#out:1",
   ":1882:16#out:1",
   ":1882:15#out:1"
  ],
  "sameAsElement":true
 },
 {
  "hid":8,
  "sid":"fullSystemModel:1883",
  "esid":"fullSystemModel:1883",
  "parent":6,
  "children":[
  ],
  "name":"Bearing",
  "fullname":"fullSystemModel/flightController/DataAnalyzer/InternalTrackingCourse/Bearing",
  "label":"Bearing",
  "icon":"WebViewIcon6",
  "svg":"support/slwebview_files/fullSystemModel_1883_d.svg",
  "thumbnail":"support/slwebview_files/fullSystemModel_1883_d.png",
  "backingUrl":"support/slwebview_files/fullSystemModel_1883_d.json",
  "elements":[
   ":1883:7",
   ":1883:10",
   ":1883:11",
   ":1883:12",
   ":1883:68",
   ":1883:68#out:1",
   ":1883:11#out:1",
   ":1883:7#out:1",
   ":1883:10#out:1"
  ],
  "sameAsElement":true
 },
 {
  "hid":9,
  "sid":"fullSystemModel:1928",
  "esid":"fullSystemModel:1928",
  "parent":6,
  "children":[
  ],
  "name":"Radians\nto Degrees1",
  "fullname":"fullSystemModel/flightController/DataAnalyzer/InternalTrackingCourse/Radians to Degrees1",
  "label":"Radians to Degrees1",
  "icon":"WebViewIcon3",
  "svg":"support/slwebview_files/fullSystemModel_1928_d.svg",
  "thumbnail":"support/slwebview_files/fullSystemModel_1928_d.png",
  "backingUrl":"support/slwebview_files/fullSystemModel_1928_d.json",
  "elements":[
   ":1928:199",
   ":1928:198",
   ":1928:197",
   ":1928:198#out:1",
   ":1928:197#out:1"
  ],
  "sameAsElement":true
 },
 {
  "hid":10,
  "sid":"fullSystemModel:1929",
  "esid":"fullSystemModel:1929",
  "parent":6,
  "children":[
  ],
  "name":"Radians\nto Degrees2",
  "fullname":"fullSystemModel/flightController/DataAnalyzer/InternalTrackingCourse/Radians to Degrees2",
  "label":"Radians to Degrees2",
  "icon":"WebViewIcon3",
  "svg":"support/slwebview_files/fullSystemModel_1929_d.svg",
  "thumbnail":"support/slwebview_files/fullSystemModel_1929_d.png",
  "backingUrl":"support/slwebview_files/fullSystemModel_1929_d.json",
  "elements":[
   ":1929:199",
   ":1929:198",
   ":1929:197",
   ":1929:198#out:1",
   ":1929:197#out:1"
  ],
  "sameAsElement":true
 },
 {
  "hid":11,
  "sid":"fullSystemModel:1892",
  "esid":"fullSystemModel:1892",
  "parent":5,
  "children":[
   12,
   13
  ],
  "name":"InternalTrackingSpeed",
  "fullname":"fullSystemModel/flightController/DataAnalyzer/InternalTrackingSpeed",
  "label":"InternalTrackingSpeed",
  "icon":"WebViewIcon1",
  "svg":"support/slwebview_files/fullSystemModel_1892_d.svg",
  "thumbnail":"support/slwebview_files/fullSystemModel_1892_d.png",
  "backingUrl":"support/slwebview_files/fullSystemModel_1892_d.json",
  "elements":[
   ":1893",
   ":1898",
   ":1899",
   ":1897",
   ":1895",
   ":1894",
   ":1896",
   ":2243",
   ":2248",
   ":2252",
   ":2253",
   ":2254",
   ":1896#out:1",
   ":1897#out:2",
   ":1893#out:1",
   ":1897#out:1",
   ":1894#out:1",
   ":2243#out:1",
   ":2248#out:1",
   ":2248#out:2",
   ":2248#out:3",
   ":1895#out:1",
   ":1895#out:2",
   ":1895#out:3"
  ],
  "sameAsElement":true
 },
 {
  "hid":12,
  "sid":"fullSystemModel:1895",
  "esid":"fullSystemModel:1895",
  "parent":11,
  "children":[
  ],
  "name":"GPSVelocity",
  "fullname":"fullSystemModel/flightController/DataAnalyzer/InternalTrackingSpeed/GPSVelocity",
  "label":"GPSVelocity",
  "icon":"WebViewIcon6",
  "svg":"support/slwebview_files/fullSystemModel_1895_d.svg",
  "thumbnail":"support/slwebview_files/fullSystemModel_1895_d.png",
  "backingUrl":"support/slwebview_files/fullSystemModel_1895_d.json",
  "elements":[
   ":1895:25",
   ":1895:27",
   ":1895:28",
   ":1895:29",
   ":1895:30",
   ":1895:31",
   ":1895:32",
   ":1895:32#out:1",
   ":1895:25#out:2",
   ":1895:25#out:3",
   ":1895:27#out:1",
   ":1895:28#out:1",
   ":1895:25#out:1"
  ],
  "sameAsElement":true
 },
 {
  "hid":13,
  "sid":"fullSystemModel:1897",
  "esid":"fullSystemModel:1897",
  "parent":11,
  "children":[
  ],
  "name":"ProjectionSpeed",
  "fullname":"fullSystemModel/flightController/DataAnalyzer/InternalTrackingSpeed/ProjectionSpeed",
  "label":"ProjectionSpeed",
  "icon":"WebViewIcon6",
  "svg":"support/slwebview_files/fullSystemModel_1897_d.svg",
  "thumbnail":"support/slwebview_files/fullSystemModel_1897_d.png",
  "backingUrl":"support/slwebview_files/fullSystemModel_1897_d.json",
  "elements":[
   ":1897:18",
   ":1897:20",
   ":1897:21",
   ":1897:22",
   ":1897:23",
   ":1897:24",
   ":1897:18#out:2",
   ":1897:22#out:1",
   ":1897:21#out:1",
   ":1897:18#out:1",
   ":1897:20#out:1"
  ],
  "sameAsElement":true
 },
 {
  "hid":14,
  "sid":"fullSystemModel:2282",
  "esid":"fullSystemModel:2282",
  "parent":2,
  "children":[
  ],
  "name":"Degrees to\nRadians",
  "fullname":"fullSystemModel/flightController/Degrees to Radians",
  "label":"Degrees to Radians",
  "icon":"WebViewIcon3",
  "svg":"support/slwebview_files/fullSystemModel_2282_d.svg",
  "thumbnail":"support/slwebview_files/fullSystemModel_2282_d.png",
  "backingUrl":"support/slwebview_files/fullSystemModel_2282_d.json",
  "elements":[
   ":2282:181",
   ":2282:180",
   ":2282:179",
   ":2282:180#out:1",
   ":2282:179#out:1"
  ],
  "sameAsElement":true
 },
 {
  "hid":15,
  "sid":"fullSystemModel:515",
  "esid":"fullSystemModel:515",
  "parent":2,
  "children":[
  ],
  "name":"LogicController",
  "fullname":"fullSystemModel/flightController/LogicController",
  "label":"LogicController",
  "icon":"WebViewIcon4",
  "svg":"support/slwebview_files/fullSystemModel_515_d.svg",
  "thumbnail":"support/slwebview_files/fullSystemModel_515_d.png",
  "backingUrl":"support/slwebview_files/fullSystemModel_515_d.json",
  "elements":[
   ":515:719",
   ":515:34",
   ":515:38",
   ":515:36",
   ":515:125",
   ":515:43",
   ":515:37",
   ":515:129",
   ":515:128",
   ":515:119",
   ":515:573",
   ":515:578",
   ":515:576",
   ":515:577",
   ":515:260",
   ":515:452",
   ":515:461",
   ":515:484",
   ":515:603",
   ":515:458",
   ":515:456",
   ":515:460",
   ":515:622",
   ":515:605",
   ":515:457",
   ":515:464",
   ":515:705",
   ":515:706",
   ":515:465",
   ":515:459",
   ":515:621",
   ":515:485",
   ":515:701",
   ":515:690",
   ":515:141",
   ":515:9",
   ":515:23",
   ":515:94",
   ":515:82",
   ":515:242",
   ":515:248",
   ":515:244",
   ":515:249",
   ":515:393",
   ":515:246",
   ":515:250",
   ":515:251",
   ":515:255",
   ":515:245",
   ":515:254",
   ":515:253",
   ":515:256",
   ":515:394",
   ":515:243",
   ":515:252",
   ":515:582",
   ":515:684",
   ":515:592",
   ":515:590",
   ":515:591",
   ":515:713",
   ":515:588",
   ":515:587",
   ":515:586",
   ":515:629",
   ":515:681",
   ":515:626",
   ":515:634",
   ":515:721",
   ":515:585",
   ":515:685",
   ":515:628",
   ":515:589",
   ":515:717",
   ":515:272",
   ":515:89",
   ":515:258",
   ":515:267",
   ":515:595",
   ":515:83",
   ":515:268",
   ":515:271",
   ":515:108",
   ":515:593",
   ":515:167",
   ":515:11",
   ":515:172",
   ":515:171",
   ":515:12",
   ":515:25",
   ":515:207",
   ":515:726",
   ":515:392",
   ":515:725",
   ":515:727"
  ],
  "sameAsElement":false
 },
 {
  "hid":16,
  "sid":"fullSystemModel:2577",
  "esid":"fullSystemModel:2577",
  "parent":2,
  "children":[
  ],
  "name":"Radians\nto Degrees",
  "fullname":"fullSystemModel/flightController/Radians to Degrees",
  "label":"Radians to Degrees",
  "icon":"WebViewIcon3",
  "svg":"support/slwebview_files/fullSystemModel_2577_d.svg",
  "thumbnail":"support/slwebview_files/fullSystemModel_2577_d.png",
  "backingUrl":"support/slwebview_files/fullSystemModel_2577_d.json",
  "elements":[
   ":2577:199",
   ":2577:198",
   ":2577:197",
   ":2577:198#out:1",
   ":2577:197#out:1"
  ],
  "sameAsElement":true
 },
 {
  "hid":17,
  "sid":"fullSystemModel:2699",
  "esid":"fullSystemModel:2699",
  "parent":2,
  "children":[
  ],
  "name":"StrapControl",
  "fullname":"fullSystemModel/flightController/StrapControl",
  "label":"StrapControl",
  "icon":"WebViewIcon1",
  "svg":"support/slwebview_files/fullSystemModel_2699_d.svg",
  "thumbnail":"support/slwebview_files/fullSystemModel_2699_d.png",
  "backingUrl":"support/slwebview_files/fullSystemModel_2699_d.json",
  "elements":[
   ":2700",
   ":2701",
   ":2702",
   ":2703",
   ":2704",
   ":2706",
   ":2707",
   ":2943",
   ":2944",
   ":2946",
   ":2700#out:1",
   ":2703#out:1",
   ":2707#out:1",
   ":2943#out:1",
   ":2702#out:1",
   ":2944#out:1",
   ":2946#out:1",
   ":2704#out:1"
  ],
  "sameAsElement":true
 },
 {
  "hid":18,
  "sid":"fullSystemModel:2611",
  "esid":"fullSystemModel:2611",
  "parent":2,
  "children":[
  ],
  "name":"TargetSelector",
  "fullname":"fullSystemModel/flightController/TargetSelector",
  "label":"TargetSelector",
  "icon":"WebViewIcon4",
  "svg":"support/slwebview_files/fullSystemModel_2611_d.svg",
  "thumbnail":"support/slwebview_files/fullSystemModel_2611_d.png",
  "backingUrl":"support/slwebview_files/fullSystemModel_2611_d.json",
  "elements":[
   ":2611:48",
   ":2611:45",
   ":2611:49",
   ":2611:36",
   ":2611:51",
   ":2611:57",
   ":2611:47",
   ":2611:43",
   ":2611:46",
   ":2611:50",
   ":2611:44",
   ":2611:52"
  ],
  "sameAsElement":false
 },
 {
  "hid":19,
  "sid":"fullSystemModel:868",
  "esid":"fullSystemModel:868",
  "parent":2,
  "children":[
   20,
   21,
   22,
   23,
   24,
   25,
   27
  ],
  "name":"Targeting",
  "fullname":"fullSystemModel/flightController/Targeting",
  "label":"Targeting",
  "icon":"WebViewIcon1",
  "svg":"support/slwebview_files/fullSystemModel_868_d.svg",
  "thumbnail":"support/slwebview_files/fullSystemModel_868_d.png",
  "backingUrl":"support/slwebview_files/fullSystemModel_868_d.json",
  "elements":[
   ":866",
   ":844",
   ":861",
   ":862",
   ":863",
   ":843",
   ":864",
   ":850",
   ":847",
   ":848",
   ":849",
   ":869",
   ":871",
   ":872",
   ":874",
   ":875",
   ":876",
   ":1285",
   ":1299",
   ":1910",
   ":2290",
   ":2312",
   ":2313",
   ":2314",
   ":2315",
   ":847#out:1",
   ":866#out:1",
   ":848#out:1",
   ":844#out:1",
   ":849#out:1",
   ":843#out:1",
   ":869#out:1",
   ":875#out:1",
   ":871#out:1",
   ":874#out:1",
   ":850#out:1",
   ":876#out:1",
   ":1910#out:1",
   ":2313#out:1"
  ],
  "sameAsElement":true
 },
 {
  "hid":20,
  "sid":"fullSystemModel:1910",
  "esid":"fullSystemModel:1910",
  "parent":19,
  "children":[
  ],
  "name":"ControlDemode",
  "fullname":"fullSystemModel/flightController/Targeting/ControlDemode",
  "label":"ControlDemode",
  "icon":"WebViewIcon6",
  "svg":"support/slwebview_files/fullSystemModel_1910_d.svg",
  "thumbnail":"support/slwebview_files/fullSystemModel_1910_d.png",
  "backingUrl":"support/slwebview_files/fullSystemModel_1910_d.json",
  "elements":[
   ":1910:69",
   ":1910:71",
   ":1910:72",
   ":1910:71#out:1",
   ":1910:69#out:1"
  ],
  "sameAsElement":true
 },
 {
  "hid":21,
  "sid":"fullSystemModel:876",
  "esid":"fullSystemModel:876",
  "parent":19,
  "children":[
  ],
  "name":"Radians\nto Degrees1",
  "fullname":"fullSystemModel/flightController/Targeting/Radians to Degrees1",
  "label":"Radians to Degrees1",
  "icon":"WebViewIcon3",
  "svg":"support/slwebview_files/fullSystemModel_876_d.svg",
  "thumbnail":"support/slwebview_files/fullSystemModel_876_d.png",
  "backingUrl":"support/slwebview_files/fullSystemModel_876_d.json",
  "elements":[
   ":876:199",
   ":876:198",
   ":876:197",
   ":876:198#out:1",
   ":876:197#out:1"
  ],
  "sameAsElement":true
 },
 {
  "hid":22,
  "sid":"fullSystemModel:847",
  "esid":"fullSystemModel:847",
  "parent":19,
  "children":[
  ],
  "name":"Radians\nto Degrees2",
  "fullname":"fullSystemModel/flightController/Targeting/Radians to Degrees2",
  "label":"Radians to Degrees2",
  "icon":"WebViewIcon3",
  "svg":"support/slwebview_files/fullSystemModel_847_d.svg",
  "thumbnail":"support/slwebview_files/fullSystemModel_847_d.png",
  "backingUrl":"support/slwebview_files/fullSystemModel_847_d.json",
  "elements":[
   ":847:199",
   ":847:198",
   ":847:197",
   ":847:198#out:1",
   ":847:197#out:1"
  ],
  "sameAsElement":true
 },
 {
  "hid":23,
  "sid":"fullSystemModel:848",
  "esid":"fullSystemModel:848",
  "parent":19,
  "children":[
  ],
  "name":"Radians\nto Degrees3",
  "fullname":"fullSystemModel/flightController/Targeting/Radians to Degrees3",
  "label":"Radians to Degrees3",
  "icon":"WebViewIcon3",
  "svg":"support/slwebview_files/fullSystemModel_848_d.svg",
  "thumbnail":"support/slwebview_files/fullSystemModel_848_d.png",
  "backingUrl":"support/slwebview_files/fullSystemModel_848_d.json",
  "elements":[
   ":848:199",
   ":848:198",
   ":848:197",
   ":848:198#out:1",
   ":848:197#out:1"
  ],
  "sameAsElement":true
 },
 {
  "hid":24,
  "sid":"fullSystemModel:849",
  "esid":"fullSystemModel:849",
  "parent":19,
  "children":[
  ],
  "name":"Radians\nto Degrees4",
  "fullname":"fullSystemModel/flightController/Targeting/Radians to Degrees4",
  "label":"Radians to Degrees4",
  "icon":"WebViewIcon3",
  "svg":"support/slwebview_files/fullSystemModel_849_d.svg",
  "thumbnail":"support/slwebview_files/fullSystemModel_849_d.png",
  "backingUrl":"support/slwebview_files/fullSystemModel_849_d.json",
  "elements":[
   ":849:199",
   ":849:198",
   ":849:197",
   ":849:198#out:1",
   ":849:197#out:1"
  ],
  "sameAsElement":true
 },
 {
  "hid":25,
  "sid":"fullSystemModel:850",
  "esid":"fullSystemModel:850",
  "parent":19,
  "children":[
   26
  ],
  "name":"Roughening",
  "fullname":"fullSystemModel/flightController/Targeting/Roughening",
  "label":"Roughening",
  "icon":"WebViewIcon1",
  "svg":"support/slwebview_files/fullSystemModel_850_d.svg",
  "thumbnail":"support/slwebview_files/fullSystemModel_850_d.png",
  "backingUrl":"support/slwebview_files/fullSystemModel_850_d.json",
  "elements":[
   ":851",
   ":858",
   ":856",
   ":852",
   ":855",
   ":853",
   ":854",
   ":1911",
   ":851#out:1",
   ":852#out:1",
   ":855#out:1",
   ":853#out:1",
   ":1911#out:1",
   ":854#out:1"
  ],
  "sameAsElement":true
 },
 {
  "hid":26,
  "sid":"fullSystemModel:1911",
  "esid":"fullSystemModel:1911",
  "parent":25,
  "children":[
  ],
  "name":"DeadZone",
  "fullname":"fullSystemModel/flightController/Targeting/Roughening/DeadZone",
  "label":"DeadZone",
  "icon":"WebViewIcon6",
  "svg":"support/slwebview_files/fullSystemModel_1911_d.svg",
  "thumbnail":"support/slwebview_files/fullSystemModel_1911_d.png",
  "backingUrl":"support/slwebview_files/fullSystemModel_1911_d.json",
  "elements":[
   ":1911:73",
   ":1911:75",
   ":1911:76",
   ":1911:75#out:1",
   ":1911:73#out:1"
  ],
  "sameAsElement":true
 },
 {
  "hid":27,
  "sid":"fullSystemModel:2312",
  "esid":"fullSystemModel:2312",
  "parent":19,
  "children":[
  ],
  "name":"TimeNAngleTurning",
  "fullname":"fullSystemModel/flightController/Targeting/TimeNAngleTurning",
  "label":"TimeNAngleTurning",
  "icon":"WebViewIcon4",
  "svg":"support/slwebview_files/fullSystemModel_2312_d.svg",
  "thumbnail":"support/slwebview_files/fullSystemModel_2312_d.png",
  "backingUrl":"support/slwebview_files/fullSystemModel_2312_d.json",
  "elements":[
   ":2312:5",
   ":2312:3",
   ":2312:23",
   ":2312:4",
   ":2312:10",
   ":2312:7"
  ],
  "sameAsElement":false
 },
 {
  "hid":28,
  "sid":"fullSystemModel:2590",
  "esid":"fullSystemModel:2590",
  "parent":2,
  "children":[
  ],
  "name":"altitudeWeighting",
  "fullname":"fullSystemModel/flightController/altitudeWeighting",
  "label":"altitudeWeighting",
  "icon":"WebViewIcon1",
  "svg":"support/slwebview_files/fullSystemModel_2590_d.svg",
  "thumbnail":"support/slwebview_files/fullSystemModel_2590_d.png",
  "backingUrl":"support/slwebview_files/fullSystemModel_2590_d.json",
  "elements":[
   ":2580",
   ":2581",
   ":2584",
   ":2585",
   ":2586",
   ":2587",
   ":2588",
   ":2591",
   ":2592",
   ":2593",
   ":2595",
   ":2601",
   ":2602",
   ":2604",
   ":2642",
   ":2586#out:1",
   ":2580#out:1",
   ":2585#out:1",
   ":2584#out:1",
   ":2587#out:1",
   ":2588#out:1",
   ":2591#out:1",
   ":2601#out:1",
   ":2602#out:1",
   ":2581#out:1",
   ":2592#out:1",
   ":2604#out:1",
   ":2642#out:1",
   ":2642#out:2",
   ":2642#out:3"
  ],
  "sameAsElement":true
 },
 {
  "hid":29,
  "sid":"fullSystemModel:2356",
  "esid":"fullSystemModel:2356",
  "parent":2,
  "children":[
   30,
   32,
   33,
   34,
   35
  ],
  "name":"feedback",
  "fullname":"fullSystemModel/flightController/feedback",
  "label":"feedback",
  "icon":"WebViewIcon1",
  "svg":"support/slwebview_files/fullSystemModel_2356_d.svg",
  "thumbnail":"support/slwebview_files/fullSystemModel_2356_d.png",
  "backingUrl":"support/slwebview_files/fullSystemModel_2356_d.json",
  "elements":[
   ":2340",
   ":2348",
   ":2349",
   ":2347",
   ":2352",
   ":2346",
   ":2342",
   ":2358",
   ":2359",
   ":2360",
   ":2361",
   ":2362",
   ":2363",
   ":2364",
   ":2368",
   ":2369",
   ":2370",
   ":2682",
   ":2683",
   ":2684",
   ":2365",
   ":2687",
   ":2692",
   ":2693",
   ":2346#out:1",
   ":2359#out:1",
   ":2348#out:1",
   ":2342#out:1",
   ":2349#out:1",
   ":2687#out:2",
   ":2358#out:1",
   ":2340#out:2",
   ":2340#out:1",
   ":2369#out:1",
   ":2368#out:1",
   ":2360#out:1",
   ":2361#out:1",
   ":2352#out:1",
   ":2370#out:1",
   ":2687#out:1",
   ":2692#out:1",
   ":2693#out:1",
   ":2682#out:1"
  ],
  "sameAsElement":true
 },
 {
  "hid":30,
  "sid":"fullSystemModel:2340",
  "esid":"fullSystemModel:2340",
  "parent":29,
  "children":[
   31
  ],
  "name":"BimTriggers",
  "fullname":"fullSystemModel/flightController/feedback/BimTriggers",
  "label":"BimTriggers",
  "icon":"WebViewIcon6",
  "svg":"support/slwebview_files/fullSystemModel_2340_d.svg",
  "thumbnail":"support/slwebview_files/fullSystemModel_2340_d.png",
  "backingUrl":"support/slwebview_files/fullSystemModel_2340_d.json",
  "elements":[
   ":2340:85",
   ":2340:84",
   ":2340:86",
   ":2340:87",
   ":2340:85#out:2",
   ":2340:85#out:1",
   ":2340:84#out:1"
  ],
  "sameAsElement":true
 },
 {
  "hid":31,
  "sid":"fullSystemModel:2340:85",
  "esid":"fullSystemModel:2340:85",
  "parent":30,
  "children":[
  ],
  "name":"BimTrigger",
  "fullname":"fullSystemModel/flightController/feedback/BimTriggers/BimTrigger",
  "label":"BimTrigger",
  "icon":"WebViewIcon4",
  "svg":"support/slwebview_files/fullSystemModel_2340_85_d.svg",
  "thumbnail":"support/slwebview_files/fullSystemModel_2340_85_d.png",
  "backingUrl":"support/slwebview_files/fullSystemModel_2340_85_d.json",
  "elements":[
   ":2340:85:18",
   ":2340:85:29",
   ":2340:85:21",
   ":2340:85:19"
  ],
  "sameAsElement":false
 },
 {
  "hid":32,
  "sid":"fullSystemModel:2365",
  "esid":"fullSystemModel:2365",
  "parent":29,
  "children":[
  ],
  "name":"Chart",
  "fullname":"fullSystemModel/flightController/feedback/Chart",
  "label":"Chart",
  "icon":"WebViewIcon4",
  "svg":"support/slwebview_files/fullSystemModel_2365_d.svg",
  "thumbnail":"support/slwebview_files/fullSystemModel_2365_d.png",
  "backingUrl":"support/slwebview_files/fullSystemModel_2365_d.json",
  "elements":[
   ":2365:28",
   ":2365:31",
   ":2365:27",
   ":2365:25",
   ":2365:32",
   ":2365:38",
   ":2365:39",
   ":2365:36",
   ":2365:29",
   ":2365:26",
   ":2365:33",
   ":2365:30"
  ],
  "sameAsElement":false
 },
 {
  "hid":33,
  "sid":"fullSystemModel:2687",
  "esid":"fullSystemModel:2687",
  "parent":29,
  "children":[
  ],
  "name":"Chart2",
  "fullname":"fullSystemModel/flightController/feedback/Chart2",
  "label":"Chart2",
  "icon":"WebViewIcon4",
  "svg":"support/slwebview_files/fullSystemModel_2687_d.svg",
  "thumbnail":"support/slwebview_files/fullSystemModel_2687_d.png",
  "backingUrl":"support/slwebview_files/fullSystemModel_2687_d.json",
  "elements":[
   ":2687:31",
   ":2687:27",
   ":2687:25",
   ":2687:28",
   ":2687:36",
   ":2687:33",
   ":2687:29",
   ":2687:38",
   ":2687:26",
   ":2687:54"
  ],
  "sameAsElement":false
 },
 {
  "hid":34,
  "sid":"fullSystemModel:2347",
  "esid":"fullSystemModel:2347",
  "parent":29,
  "children":[
  ],
  "name":"PointMoventPlot",
  "fullname":"fullSystemModel/flightController/feedback/PointMoventPlot",
  "label":"PointMoventPlot",
  "icon":"WebViewIcon6",
  "svg":"support/slwebview_files/fullSystemModel_2347_d.svg",
  "thumbnail":"support/slwebview_files/fullSystemModel_2347_d.png",
  "backingUrl":"support/slwebview_files/fullSystemModel_2347_d.json",
  "elements":[
   ":2347:96",
   ":2347:98",
   ":2347:99",
   ":2347:100",
   ":2347:98#out:1",
   ":2347:100#out:1",
   ":2347:99#out:1"
  ],
  "sameAsElement":true
 },
 {
  "hid":35,
  "sid":"fullSystemModel:2348",
  "esid":"fullSystemModel:2348",
  "parent":29,
  "children":[
  ],
  "name":"PreemptionTDP",
  "fullname":"fullSystemModel/flightController/feedback/PreemptionTDP",
  "label":"PreemptionTDP",
  "icon":"WebViewIcon6",
  "svg":"support/slwebview_files/fullSystemModel_2348_d.svg",
  "thumbnail":"support/slwebview_files/fullSystemModel_2348_d.png",
  "backingUrl":"support/slwebview_files/fullSystemModel_2348_d.json",
  "elements":[
   ":2348:90",
   ":2348:92",
   ":2348:93",
   ":2348:94",
   ":2348:95",
   ":2348:93#out:1",
   ":2348:92#out:1",
   ":2348:90#out:1",
   ":2348:94#out:1"
  ],
  "sameAsElement":true
 }
]