[
 {
  "sid":"fullSystemModel:2611:48",
  "className":"Stateflow.State",
  "icon":"WebViewIcon8",
  "name":"ApplyRadioPoint",
  "label":"ApplyRadioPoint",
  "parent":"fullSystemModel:2611",
  "inspector":{
   "params":[
    "HasOutputData",
    "InlineOption",
    "LabelString",
    "DataLogging",
    "TestPoint",
    "Description",
    "Document"
   ],
   "values":[
    false,
    "Auto",
    "ApplyRadioPoint\nentry:\n  targetPoint = radioPoint;",
    false,
    false,
    "",
    ""
   ],
   "tabs":[
    "General",
    "Logging",
    "Documentation"
   ],
   "tabs_idx":[
    0,
    3,
    5
   ]
  },
  "viewer":{
   "jshandler":"webview/handlers/ElementHandler"
  },
  "obj_viewer":[
  ],
  "finder":[
  ]
 },
 {
  "sid":"fullSystemModel:2611:45",
  "className":"Stateflow.State",
  "icon":"WebViewIcon8",
  "name":"ValidateRadioPoint",
  "label":"ValidateRadioPoint",
  "parent":"fullSystemModel:2611",
  "inspector":{
   "params":[
    "HasOutputData",
    "InlineOption",
    "LabelString",
    "DataLogging",
    "TestPoint",
    "Description",
    "Document"
   ],
   "values":[
    false,
    "Auto",
    "ValidateRadioPoint\nentry:\n  updateIndex = radioUpdateIndex;\n  status = validateTarget();\n",
    false,
    false,
    "",
    ""
   ],
   "tabs":[
    "General",
    "Logging",
    "Documentation"
   ],
   "tabs_idx":[
    0,
    3,
    5
   ]
  },
  "viewer":{
   "jshandler":"webview/handlers/ElementHandler"
  },
  "obj_viewer":[
  ],
  "finder":[
  ]
 },
 {
  "sid":"fullSystemModel:2611:49",
  "className":"Stateflow.State",
  "icon":"WebViewIcon8",
  "name":"CheckUpdate",
  "label":"CheckUpdate",
  "parent":"fullSystemModel:2611",
  "inspector":{
   "params":[
    "HasOutputData",
    "InlineOption",
    "LabelString",
    "DataLogging",
    "TestPoint",
    "Description",
    "Document"
   ],
   "values":[
    false,
    "Auto",
    "CheckUpdate",
    false,
    false,
    "",
    ""
   ],
   "tabs":[
    "General",
    "Logging",
    "Documentation"
   ],
   "tabs_idx":[
    0,
    3,
    5
   ]
  },
  "viewer":{
   "jshandler":"webview/handlers/ElementHandler"
  },
  "obj_viewer":[
  ],
  "finder":[
  ]
 },
 {
  "sid":"fullSystemModel:2611:36",
  "className":"Stateflow.EMFunction",
  "icon":"WebViewIcon12",
  "name":"validateTarget",
  "label":"validateTarget",
  "parent":"fullSystemModel:2611",
  "inspector":{
   "params":[
    "InlineOption",
    "LabelString",
    "Description",
    "Document"
   ],
   "values":[
    "Auto",
    "result = validateTarget",
    "",
    ""
   ],
   "tabs":[
    "General",
    "Documentation"
   ],
   "tabs_idx":[
    0,
    2
   ]
  },
  "viewer":{
   "jshandler":"webview/handlers/ElementHandler"
  },
  "obj_viewer":{
   "code":"%%%%%%%%%%%%%%%%%%%%%%%%%%%%%%%%%%%%%%%%%%%%%%%%%%%%%%%%%%%%%%%%%%%%%%%%%%%\n% \n%%%%%%%%%%%%%%%%%%%%%%%%%%%%%%%%%%%%%%%%%%%%%%%%%%%%%%%%%%%%%%%%%%%%%%%%%%%\nfunction result = validateTarget\n    %% Определим курс до цели\n    course = Azimut(radioPoint, currentPoint)\n    %% Вычислим расстояние с помощью функции DistanceCalculator()\n    distance = DistanceCalculator(currentPoint, radioPoint);\n    %% Вычислим скорость по ветру в направлении новой цели\n    horizontalSpeed = sqrt( airSpeed^2 + windForce^2 - 2*airSpeed*windForce*cos(pi - (course-windCourse)));\n    \n    %% Вычисляем время необходимое для преодоления расстояния до TDP и до посадки\n    timeHorizontal = distance/horizontalSpeed;\n    timeVertical = (currentPoint(altitude) - (radioPoint(altitude) + double(radioPoint(relief))))/verticalVelocity;\n    %% Определяем поправку по времени необходимому на разворот\n    % Угол разворота\n    angle = ControlDemode(course - currentCourse);\n    angle = abs(angle/pi*180);\n    \n    % Вычисляем поправку как линейную функцию: \n    %timeHorizontalCorrection = angle / TurnSpeed;\n\n    % Вычисляем поправку по параболе\n    timeHorizontalCorrection = 0.0005*angle^2 + 0.06*angle;\n        \n    % Нулевая поправка\n    timeHorizontalCorrection = 0;\n    \n    timeHorizontal = timeHorizontal + timeHorizontalCorrection;\n    %% Сравшиваем время и выносим результат о теоретической \n    % доступности точки\n    if timeHorizontal < timeVertical\n        result = true;\n    else\n        result = false;\n    end\nend",
   "code_sid":"fullSystemModel:2611:36"
  },
  "finder":[
  ]
 },
 {
  "sid":"fullSystemModel:2611:51",
  "className":"Stateflow.State",
  "icon":"WebViewIcon8",
  "name":"Initialize",
  "label":"Initialize",
  "parent":"fullSystemModel:2611",
  "inspector":{
   "params":[
    "HasOutputData",
    "InlineOption",
    "LabelString",
    "DataLogging",
    "TestPoint",
    "Description",
    "Document"
   ],
   "values":[
    false,
    "Auto",
    "Initialize\nentry:\n  updateIndex = 0;\n  targetPoint = touchdownPoint;",
    false,
    false,
    "",
    ""
   ],
   "tabs":[
    "General",
    "Logging",
    "Documentation"
   ],
   "tabs_idx":[
    0,
    3,
    5
   ]
  },
  "viewer":{
   "jshandler":"webview/handlers/ElementHandler"
  },
  "obj_viewer":[
  ],
  "finder":[
  ]
 },
 {
  "sid":"fullSystemModel:2611:57",
  "className":"Stateflow.Annotation",
  "icon":"WebViewIcon9",
  "name":"",
  "label":"Этот блок осуществляет горячую подмену точки приземления с наземной радиостанции. По умолчанию целью считается touchdownPoint - запланированная точка приземления; Далее по изменению индекса radioUpdateIndex, контролируется изменение/обновление точки изменения, поверяется валидность координат и их фиксация и выдача обновленной координаты как целевой для основной подсистемы.",
  "parent":"fullSystemModel:2611",
  "inspector":{
   "params":[
    "FixedHeight",
    "FixedWidth",
    "DropShadow",
    "UseDisplayTextAsClickCallback",
    "ClickFcn",
    "Description",
    "Document"
   ],
   "values":[
    false,
    false,
    false,
    false,
    "",
    "",
    ""
   ],
   "tabs":[
    "General",
    "ClickFcn",
    "Documentation"
   ],
   "tabs_idx":[
    0,
    3,
    5
   ]
  },
  "viewer":{
   "jshandler":"webview/handlers/ElementHandler"
  },
  "obj_viewer":[
  ],
  "finder":[
  ]
 },
 {
  "sid":"fullSystemModel:2611:46",
  "className":"Stateflow.Transition",
  "icon":"WebViewIcon10",
  "name":"",
  "label":"[updateIndex~= radioUpdateIndex]",
  "parent":"fullSystemModel:2611",
  "inspector":{
   "params":[
    "ExecutionOrder",
    "LabelString",
    "Description",
    "Document"
   ],
   "values":[
    1,
    "[updateIndex~= radioUpdateIndex]",
    "",
    ""
   ],
   "tabs":[
    "Parameter Attributes"
   ],
   "tabs_idx":0
  },
  "viewer":{
   "jshandler":"webview/handlers/ElementHandler"
  },
  "obj_viewer":[
  ],
  "finder":[
  ]
 },
 {
  "sid":"fullSystemModel:2611:50",
  "className":"Stateflow.Transition",
  "icon":"WebViewIcon10",
  "name":"",
  "label":"",
  "parent":"fullSystemModel:2611",
  "inspector":{
   "params":[
    "ExecutionOrder",
    "LabelString",
    "Description",
    "Document"
   ],
   "values":[
    1,
    "",
    "",
    ""
   ],
   "tabs":[
    "Parameter Attributes"
   ],
   "tabs_idx":0
  },
  "viewer":{
   "jshandler":"webview/handlers/ElementHandler"
  },
  "obj_viewer":[
  ],
  "finder":[
  ]
 },
 {
  "sid":"fullSystemModel:2611:52",
  "className":"Stateflow.Transition",
  "icon":"WebViewIcon10",
  "name":"",
  "label":"",
  "parent":"fullSystemModel:2611",
  "inspector":{
   "params":[
    "ExecutionOrder",
    "LabelString",
    "Description",
    "Document"
   ],
   "values":[
    1,
    "",
    "",
    ""
   ],
   "tabs":[
    "Parameter Attributes"
   ],
   "tabs_idx":0
  },
  "viewer":{
   "jshandler":"webview/handlers/ElementHandler"
  },
  "obj_viewer":[
  ],
  "finder":[
  ]
 },
 {
  "sid":"fullSystemModel:2611:43",
  "className":"Stateflow.Transition",
  "icon":"WebViewIcon10",
  "name":"",
  "label":"",
  "parent":"fullSystemModel:2611",
  "inspector":{
   "params":[
    "ExecutionOrder",
    "LabelString",
    "Description",
    "Document"
   ],
   "values":[
    2,
    "",
    "",
    ""
   ],
   "tabs":[
    "Parameter Attributes"
   ],
   "tabs_idx":0
  },
  "viewer":{
   "jshandler":"webview/handlers/ElementHandler"
  },
  "obj_viewer":[
  ],
  "finder":[
  ]
 },
 {
  "sid":"fullSystemModel:2611:44",
  "className":"Stateflow.Transition",
  "icon":"WebViewIcon10",
  "name":"",
  "label":"",
  "parent":"fullSystemModel:2611",
  "inspector":{
   "params":[
    "ExecutionOrder",
    "LabelString",
    "Description",
    "Document"
   ],
   "values":[
    1,
    "",
    "",
    ""
   ],
   "tabs":[
    "Parameter Attributes"
   ],
   "tabs_idx":0
  },
  "viewer":{
   "jshandler":"webview/handlers/ElementHandler"
  },
  "obj_viewer":[
  ],
  "finder":[
  ]
 },
 {
  "sid":"fullSystemModel:2611:47",
  "className":"Stateflow.Transition",
  "icon":"WebViewIcon10",
  "name":"",
  "label":"[status == true]",
  "parent":"fullSystemModel:2611",
  "inspector":{
   "params":[
    "ExecutionOrder",
    "LabelString",
    "Description",
    "Document"
   ],
   "values":[
    1,
    "[status == true]",
    "",
    ""
   ],
   "tabs":[
    "Parameter Attributes"
   ],
   "tabs_idx":0
  },
  "viewer":{
   "jshandler":"webview/handlers/ElementHandler"
  },
  "obj_viewer":[
  ],
  "finder":[
  ]
 }
]