[
 {
  "sid":"fullSystemModel:2365:28",
  "className":"Stateflow.State",
  "icon":"WebViewIcon8",
  "name":"FixCurrentVector",
  "label":"FixCurrentVector",
  "parent":"fullSystemModel:2365",
  "inspector":{
   "params":[
    "HasOutputData",
    "InlineOption",
    "LabelString",
    "DataLogging",
    "TestPoint",
    "Description",
    "Document"
   ],
   "values":[
    false,
    "Auto",
    "FixCurrentVector\nentry:\n  currentGroundSpeed = groundSpeed;\n  currentCourse = course;",
    false,
    false,
    "",
    ""
   ],
   "tabs":[
    "General",
    "Logging",
    "Documentation"
   ],
   "tabs_idx":[
    0,
    3,
    5
   ]
  },
  "viewer":{
   "jshandler":"webview/handlers/ElementHandler"
  },
  "obj_viewer":[
  ],
  "finder":[
  ]
 },
 {
  "sid":"fullSystemModel:2365:31",
  "className":"Stateflow.State",
  "icon":"WebViewIcon8",
  "name":"GetResult",
  "label":"GetResult",
  "parent":"fullSystemModel:2365",
  "inspector":{
   "params":[
    "HasOutputData",
    "InlineOption",
    "LabelString",
    "DataLogging",
    "TestPoint",
    "Description",
    "Document"
   ],
   "values":[
    false,
    "Auto",
    "GetResult\nentry:\n  [windForce, windCourse] = WindEstimator(initialGroundSpeed, initialCourse, currentGroundSpeed, currentCourse, 20)\n  initialGroundSpeed = currentGroundSpeed;\n  initialCourse = currentCourse;",
    false,
    false,
    "",
    ""
   ],
   "tabs":[
    "General",
    "Logging",
    "Documentation"
   ],
   "tabs_idx":[
    0,
    3,
    5
   ]
  },
  "viewer":{
   "jshandler":"webview/handlers/ElementHandler"
  },
  "obj_viewer":[
  ],
  "finder":[
  ]
 },
 {
  "sid":"fullSystemModel:2365:27",
  "className":"Stateflow.State",
  "icon":"WebViewIcon8",
  "name":"FixInitialVector",
  "label":"FixInitialVector",
  "parent":"fullSystemModel:2365",
  "inspector":{
   "params":[
    "HasOutputData",
    "InlineOption",
    "LabelString",
    "DataLogging",
    "TestPoint",
    "Description",
    "Document"
   ],
   "values":[
    false,
    "Auto",
    "FixInitialVector\nentry:\n  initialGroundSpeed = groundSpeed;\n  initialCourse = course;",
    false,
    false,
    "",
    ""
   ],
   "tabs":[
    "General",
    "Logging",
    "Documentation"
   ],
   "tabs_idx":[
    0,
    3,
    5
   ]
  },
  "viewer":{
   "jshandler":"webview/handlers/ElementHandler"
  },
  "obj_viewer":[
  ],
  "finder":[
  ]
 },
 {
  "sid":"fullSystemModel:2365:25",
  "className":"Stateflow.State",
  "icon":"WebViewIcon8",
  "name":"Initialization",
  "label":"Initialization",
  "parent":"fullSystemModel:2365",
  "inspector":{
   "params":[
    "HasOutputData",
    "InlineOption",
    "LabelString",
    "DataLogging",
    "TestPoint",
    "Description",
    "Document"
   ],
   "values":[
    false,
    "Auto",
    "Initialization\n  initialGroundSpeed = 0;\n  initialCourse = 0;\n  currentGroundSpeed = 0;\n  currentCourse = 0;\n  windForce = 0;\n  windCourse = 0;\n",
    false,
    false,
    "",
    ""
   ],
   "tabs":[
    "General",
    "Logging",
    "Documentation"
   ],
   "tabs_idx":[
    0,
    3,
    5
   ]
  },
  "viewer":{
   "jshandler":"webview/handlers/ElementHandler"
  },
  "obj_viewer":[
  ],
  "finder":[
  ]
 },
 {
  "sid":"fullSystemModel:2365:32",
  "className":"Stateflow.State",
  "icon":"WebViewIcon8",
  "name":"Pause",
  "label":"Pause",
  "parent":"fullSystemModel:2365",
  "inspector":{
   "params":[
    "HasOutputData",
    "InlineOption",
    "LabelString",
    "DataLogging",
    "TestPoint",
    "Description",
    "Document"
   ],
   "values":[
    false,
    "Auto",
    "Pause",
    false,
    false,
    "",
    ""
   ],
   "tabs":[
    "General",
    "Logging",
    "Documentation"
   ],
   "tabs_idx":[
    0,
    3,
    5
   ]
  },
  "viewer":{
   "jshandler":"webview/handlers/ElementHandler"
  },
  "obj_viewer":[
  ],
  "finder":[
  ]
 },
 {
  "sid":"fullSystemModel:2365:38",
  "className":"Stateflow.Transition",
  "icon":"WebViewIcon10",
  "name":"",
  "label":"",
  "parent":"fullSystemModel:2365",
  "inspector":{
   "params":[
    "ExecutionOrder",
    "LabelString",
    "Description",
    "Document"
   ],
   "values":[
    1,
    "",
    "",
    ""
   ],
   "tabs":[
    "Parameter Attributes"
   ],
   "tabs_idx":0
  },
  "viewer":{
   "jshandler":"webview/handlers/ElementHandler"
  },
  "obj_viewer":[
  ],
  "finder":[
  ]
 },
 {
  "sid":"fullSystemModel:2365:39",
  "className":"Stateflow.Transition",
  "icon":"WebViewIcon10",
  "name":"",
  "label":"",
  "parent":"fullSystemModel:2365",
  "inspector":{
   "params":[
    "ExecutionOrder",
    "LabelString",
    "Description",
    "Document"
   ],
   "values":[
    1,
    "",
    "",
    ""
   ],
   "tabs":[
    "Parameter Attributes"
   ],
   "tabs_idx":0
  },
  "viewer":{
   "jshandler":"webview/handlers/ElementHandler"
  },
  "obj_viewer":[
  ],
  "finder":[
  ]
 },
 {
  "sid":"fullSystemModel:2365:36",
  "className":"Stateflow.Transition",
  "icon":"WebViewIcon10",
  "name":"",
  "label":"",
  "parent":"fullSystemModel:2365",
  "inspector":{
   "params":[
    "ExecutionOrder",
    "LabelString",
    "Description",
    "Document"
   ],
   "values":[
    1,
    "",
    "",
    ""
   ],
   "tabs":[
    "Parameter Attributes"
   ],
   "tabs_idx":0
  },
  "viewer":{
   "jshandler":"webview/handlers/ElementHandler"
  },
  "obj_viewer":[
  ],
  "finder":[
  ]
 },
 {
  "sid":"fullSystemModel:2365:29",
  "className":"Stateflow.Transition",
  "icon":"WebViewIcon10",
  "name":"",
  "label":"[bimWasEnabled == 1]",
  "parent":"fullSystemModel:2365",
  "inspector":{
   "params":[
    "ExecutionOrder",
    "LabelString",
    "Description",
    "Document"
   ],
   "values":[
    1,
    "[bimWasEnabled == 1]",
    "",
    ""
   ],
   "tabs":[
    "Parameter Attributes"
   ],
   "tabs_idx":0
  },
  "viewer":{
   "jshandler":"webview/handlers/ElementHandler"
  },
  "obj_viewer":[
  ],
  "finder":[
  ]
 },
 {
  "sid":"fullSystemModel:2365:26",
  "className":"Stateflow.Transition",
  "icon":"WebViewIcon10",
  "name":"",
  "label":"",
  "parent":"fullSystemModel:2365",
  "inspector":{
   "params":[
    "ExecutionOrder",
    "LabelString",
    "Description",
    "Document"
   ],
   "values":[
    1,
    "",
    "",
    ""
   ],
   "tabs":[
    "Parameter Attributes"
   ],
   "tabs_idx":0
  },
  "viewer":{
   "jshandler":"webview/handlers/ElementHandler"
  },
  "obj_viewer":[
  ],
  "finder":[
  ]
 },
 {
  "sid":"fullSystemModel:2365:33",
  "className":"Stateflow.Transition",
  "icon":"WebViewIcon10",
  "name":"",
  "label":"[bimWasDisabled == 1]",
  "parent":"fullSystemModel:2365",
  "inspector":{
   "params":[
    "ExecutionOrder",
    "LabelString",
    "Description",
    "Document"
   ],
   "values":[
    1,
    "[bimWasDisabled == 1]",
    "",
    ""
   ],
   "tabs":[
    "Parameter Attributes"
   ],
   "tabs_idx":0
  },
  "viewer":{
   "jshandler":"webview/handlers/ElementHandler"
  },
  "obj_viewer":[
  ],
  "finder":[
  ]
 },
 {
  "sid":"fullSystemModel:2365:30",
  "className":"Stateflow.Transition",
  "icon":"WebViewIcon10",
  "name":"",
  "label":"[bimWasEnabled == 1]",
  "parent":"fullSystemModel:2365",
  "inspector":{
   "params":[
    "ExecutionOrder",
    "LabelString",
    "Description",
    "Document"
   ],
   "values":[
    1,
    "[bimWasEnabled == 1]",
    "",
    ""
   ],
   "tabs":[
    "Parameter Attributes"
   ],
   "tabs_idx":0
  },
  "viewer":{
   "jshandler":"webview/handlers/ElementHandler"
  },
  "obj_viewer":[
  ],
  "finder":[
  ]
 }
]