{
 "baseUrl":"support/slwebview_files",
 "homeHid":2,
 "initialElement":"",
 "sections":[
  {
   "hid":1,
   "sid":"fullSystemModel",
   "name":"fullSystemModel",
   "fullname":"fullSystemModel",
   "label":"fullSystemModel",
   "parent":0,
   "descendants":[
    2,
    3,
    4,
    5,
    6,
    7,
    8,
    9,
    10,
    11,
    12,
    13,
    14,
    15,
    16,
    17,
    18,
    19,
    20,
    21,
    22,
    23,
    24,
    25,
    26,
    27,
    28,
    29,
    30,
    31,
    32,
    33,
    34,
    35
   ],
   "hierarchyUrl":"support/slwebview_files/fullSystemModel_h_1.json",
   "backingUrl":"support/slwebview_files/fullSystemModel_m.json"
  }
 ],
 "optViews":[
 ],
 "display":{
  "informer":false
 },
 "iconsUrl":"support/slwebview_files/fullSystemModel_9_icons.css"
}